title,ratings,reviews
Easeofuseandseamlessworking,50outof5stars,ItsalittleheavybuttheprosoutweightheconsbyadistanceDurabilitywaterresistancereadabilityandlessstressineyesduetoTrueToneamazingscreenspaceandtouchfeelnobuttonsallgesturesandtheloginbylookingintothedeviceisjustamazingTheresalotmoretosaybutasofnowthepriceiwillsayisworththemoolahandImmorethanimpressed
lovingthefaceIDtechnologySointuitiveits,50outof5stars,lovingthefaceIDtechnologySointuitiveitsworthanupgradefromiphone7plusGoforitifthebudgetpermits
Dontbuyfaultyproduct,10outof5stars,IrecentlyboughtiPhonexsilver256GBfromapparioretailpvtltdthedisplaywasfaultyandmalfunctionedafter15dayscalledamazonthereturnwindowwasjust10days
seamlessandbestOSeverinMobilehistoryiOS,50outof5stars,MasterclassfromthehouseofAppleUsedformonthandnocomplaintRobustsecureseamlessandbestOSeverinMobilehistoryiOS
Outstanding,50outof5stars,FantasticphoneSuperbdeliverybyApparioRetailPrivateLtdNoissueswhatsoever
Greatphone,40outof5stars,Phoneisgreatbettercmaeraqualityoverallverygoodperformancebutdeliveryistoolate
Slowerdaybyday,30outof5stars,reallyitsgettingslowdaybydayitsreallypainful
FiveStars,50outof5stars,Thismobilephoneisreallyawesome
Nicephone,50outof5stars,Youcantrustthis1000
FiveStars,50outof5stars,sexy
FiveStars,50outof5stars,Musthavephone
DefectiveCable,40outof5stars,ThephoneisalrightoriginalandallThecablethatIgotseemstobedefectiveItdoesntworkallthetime
FiveStars,50outof5stars,GenuineontimedeliverywithrightproductThanksAmazonIndia
FiveStars,50outof5stars,Good
FiveStars,50outof5stars,Receivedtheproductasshownandclaimed
FourStars,40outof5stars,Nicephonefingerprintsensorshouldbeaddedotherwisegoodcameraandwholedesignissuperb
Marvelous,50outof5stars,YetagainfellinlovewiththisAllinall55forthistruelylovingthisphoneItsexceededalltheexpectationsIhad
FiveStars,50outof5stars,LOVEIT
Qualityproductandqualityservice,50outof5stars,DecentpackagingandoriginalproductreceivedwithontimedeliveryNocomplaints
FiveStars,50outof5stars,Wow
Itsaappleflagshipsmartphonealthoughithasabeautifulscreenbutyoucantignorethenotchatthe,40outof5stars,ItsaappleflagshipsmartphonealthoughithasabeautifulscreenbutyoucantignorethenotchatthetopifweseeitspecsitaoverpricedphoneButifyouwantitgoforImnotstoppingyoubutthethingIcansayisthattherearelotsofothersmartphoneinmarketwhichlowerinpriceandarealsoverygood
FiveStars,50outof5stars,Outstandingcamera
FiveStars,50outof5stars,Promptdeliveryandgreatproduct
GreatPhone,50outof5stars,MyfirstIPhoneGreatphone
Buyonlyifyouliketothrowawayyourmoney,30outof5stars,Ihaveusedalltheapplephonessince2010andbeinganapplefancouldntwaittogetmyhandsonthelatestiPhonexTheonlythingthatIcansayaboutthisphoneisthatitisanoverpricedandoverhypedphoneNooutoftheworldfeatureinthisphoneIfyoulikeiOSthenratherbuyiPhone8plusandnotthisAlotofAndroidphonesareatparwiththisphoneandavailableatalowerprice
IndepthanalysisEpitomeofApplesvisionbutunworthyoftheprice,40outof5stars,ThisphonecarrieswithitselfgreathypeandconsequentlygreatexpectationsInmyexperiencehavinghadboththe8plusandthisthemainperceivabledifferencesbetweenbothareinthesizetheedgetoedgedisplayfrontcameraportraitmodetheabsenceofthehomebuttonthenewUIgesturesandofcourseFaceIDHowwellaretheseimplementedUIgesturesThenewwayofnavigationisverywellimplementedandIhavenotexperiencedanydifficultiesinadaptingtoorusingthemTheswipeupgesturetogohomeswiperightandholdformultitaskingetcarereallyeasyandintuitivePeoplehavebeencomplainingaboutthecontrolcentrenowaswipedownfromthetoprightcornerButIaskhowisthisdifferentfromthenotificationsandquicktoggleonAndroidwhichisalsoaswipedownfromthetopWiththenewbreedof189screenaspectratioAndroidphoneswhicharetallerthaneverbeforethisgestureisnonetheeasierIgiveitascoreof7510FaceIDWorkslikeacharmThesensorsareveryforgivingoftheanglebutitwontworkifyoureholdingyourphoneupsidedownorsidewaysApartfromthatitworksverywellIthasawiderangeofviewYoudonthavetobedeadcentreinfrontofthephoneforittounlockWorkswithsunglassesandspectaclesandhasnoproblemeitherinpitchdarkorbrightsunlightaslongasthesunisnotonyourfaceorbehindyouProspectivebuyersshouldnthaveanyapprehensionsregardingitApplehasgivenusaverygoodalternativetoTouchIDItscores810FrontcameraportraitNothingspecialYouhavetotryseveraltimesforittogiveanacceptableresultDoesntcomparewellwiththePixel2phonesYettheskintonesontheiPhonearealwaysfarmorenaturalthanitsAndroidcounterpartsDoesntdeservemorethan610OLEDDisplayYoureallyhavetolookfordifferencesbetweentheIPSLCDofthe8plusandtheXAppledoessuchagoodjobwiththecalibrationoftheirdisplaysthatfranklyIdontseemuchdifferenceinthequalityofcoloursbetweentheOLEDiPhoneXandtheLCD8plusYestheOLEDhasmorecontrastcomparedtotheLCDbutifyourelookingtobuyaphonepurelyforthepunchysaturationandvividnessofanOLEDdisplaythisisnotitYouddowelltolookattheSamsungNote8ApplealwaysfavourscolouraccuracyovervividnessThedisplayqualitydeservesan810Batterylifeisbetterthanthe8butworsethanthe8plusTheresnocompetitionIfyoureaheavyuseryouwillnotgetafulldaysuseoutofitPluschargingitisevenslowerthanthe8plusasthebatteryisactuallybiggerinsizeWirelesschargingisonboardbutisveryslowinmyexperienceIhavetheSamsungfastchargerthatcomeswiththeNote8anduseittochargethisphoneThebatteryscores610AnimojiFunifyouspendtoomuchtimemessagingpeopleoniMessageThenoveltyofitwillwearoffTheproblemisthatApplehasmadeusthinkitissomefuturisticcuttingedgetechbuiltintoitsTrueDepthsensorswhenitactuallyisntItisjustusingthefrontcameraforfacetrackingandtheresnoreasonwhyitcantbeportedovertothe8orolderiPhonesButweknowthatisnevergoingtohappenApplewillkeepupdatingnewcharacterstokeepAnimojiinterestingIgiveita510becauseitismarketedassomethingwhichitisntMYSCORE67510FAQs1HowisthesizeandinhandfeelThesizeofthephoneismuchmoremanageableinonehandThescreenisnarrowerandgiveslessscreenspacethantheplusmodelItfeelssolidandpremiuminthehandNocreakingsoundsyet2HowbadisTheNotchDoesntbothermeanywhereoutsideYoutubevideosorothervideostreamingplatformsItdoescutintothevideoifyoudecidetoexpandthevideotomakefulluseoftheavailablescreenItsnotnoticeableingeneralusagelikebrowsingsocialmediaormessagingCONCLUDINGTHOUGHTSInmyexperienceonehastolookatboththeiPhone88plusandtheiPhoneXinisolationtofullyappreciatethemIfonespendstimecomparingthemtheyreboundtofeelfrustratedastherearefartoomanysimilaritiestojustifythehugepricedifferenceIfyouresomeonewhomusthavetheshiniestofferingfromApplethentheXisforyouButifyouwantbangforyourbuckthengoforthe8plusasitispoundforpoundthebetterphonebetweenthetwoThedifferencesaresimplynotenoughtojustifyspendingextraThecameraperformanceprocessorRAMstorageoptionsappssoftwarefeaturesarethesameandtheXdoesntofferasmanyextrasthatmakeitstandapartfromitssiblingMaybenextyearAppleISITWORTHITTherewontbeacopouthereIfyourecontemplatingbetweenthisandthe8plusinmyopiniontobuythisphonethisyearatthispriceisnotworthitMypurchasepricewas875kEvenifyoucanafforditorhaveaniPhoneabovethe6sPlusyoucanskipitwithoutmuchremorseiPhone77plusarestillgreatphonesandifyoucanholdoffanotheryearthenthe2018lineupofiPhonesisshapinguptobeprettyexcitingComparedtotheiPhone8plusallthefeaturesthisphoneofferseitherlookedatinisolationorevenasawholedonotjustifygettingitGoingforwardalliPhonesaregoingtobedesignedlikethisandimproveuponitItsnotalimitededitionmodelwhichisamusthaveIfthisisgoingtobeyourfirstiPhoneorifyourelookingtoupgradefromaniPhone6or6sgoaheadItisagreatphoneandyouwontregretgettingitIhaveputphotosofthephonehereForthecamerasamplespleaseseemyiPhone8plusreviewasthereisnodifferenceinphotoqualitybetweenthetwoHereisthelinkhttpswwwamazoningpreviewR6DSET4ETOTXHrefpdpnewreadfullreviewlinkieUTF8
Gotgoodproductwithoutanyproblem,40outof5stars,UphhhhGotgoodproductwithoutanyproblem
FiveStars,50outof5stars,ExcellentProductQualityampPackingWasVeryGood
Nice,50outof5stars,NiceDeliverednextdayinthemorningIfyouarebuyingthisphonebuyafastchargeraswellfromAnkeroranyotherbrandChargerwhichisshippedwiththisphoneisdamnslow
greatproductmeets,50outof5stars,greatproductmeetsexpectations
Awsimelysuperbphoneworththemoney,50outof5stars,PerfectsuperbservicebyamazonpromtdeliverySuperawesomephoneilovethisNocomplainatall
AppleiPhoneverygoodphone,50outof5stars,VeryNiceandgoodphoneiloveit
ExcellentiPhoneXprovidedbyAppleyet,40outof5stars,ItisExcellentiPhoneXbutneedsomeimprovementlikesomeAppsnotworkproperlyoverallitisbest
Thisislove3Ijustlovethisphone,50outof5stars,Thisislovelt3IjustlovethisphoneexcellentfeaturescameraseverythingMustgoforthisAmazonservicesareexcellenttoo
FourStars,40outof5stars,ReceivedproductmuchbeforecommittedtimeTheChargingadaptorisnotworkingwhichhascomeintheBox
OverallGood,40outof5stars,GdlookingFaceIDisworkinggoodandsecurityfeaturesaregoodButpreinstalledcameraappdonthaveperfectoutcomeOverallgoodone
Notimpressed,10outof5stars,Uselessnotneertomyoldandroidphoneguysdontbuyititsawasteofmoney
Awesomepowerhousemachine,50outof5stars,AmazingpowerhousemachinewithbeautifulscreenHoweveritisnotfreeofconsHerearefewInoticed1ThereisnoofficialwayoftransferringWhatsappchathistory2Truecallercouldnotinterceptcallstoprovidecallerid3Nonativesupportforcallrecording4DeletingindividualmessagesSMSisahassleWishtheycouldveprovidedsamemechanismlikedeleteconversationorothermessagesieleftswipe5CouldnotclearallnotificationsinonegoRightcrossbuttontoclearallappearsafterawhile6WaitingforofficialwirelesschargerascouldnotfindreliablereviewsforotherbrandchargersImusingMacforaround4yearsnowandthereisnosoftwareglitchIveobservedThepurposeofgettingiPhonewastogetsimilarreliableOSandsoftwareperformancewhichmighttakesometimeforAndroidtocatchupandImhighlysatisfiedtillnow
Ireallyhatetheservice,10outof5stars,Ireallyhatetheservicesomeonealreadyopenedtheproductandinoticedsomefingerprintsonethephone
FaultyProduct,10outof5stars,PhoneisnotworkingandIamStrugglingtogetsupporttoo
Awesome,50outof5stars,Superbjustsuberb
FiveStars,50outof5stars,FascinatingproductandmeetsexpectationsofanAppleproduct
Lovingit,50outof5stars,BestiPhoneeverCostcanbealittlelesserclosertoUSpricenevertheless55fromme
from6or7plusthanyouwillfeellikesmalldeviceItsworthforaclassbutone,50outof5stars,Ifyouareupgradingfrom6or7plusthanyouwillfeellikesmalldeviceItsworthforaclassbutoneshouldwaitforbiggeriphone2018model
FiveStars,50outof5stars,Marvellousbutcostistoohigh
Nicelookingphonebutoverpriced,40outof5stars,DeliverywasveryfastwithprimeBeingaiPhoneusersince2008IexpectedthisphonetohaveXfactorbutphonegetshotwithevenslightlyabovenormalusagePhonedoesntWorth80kFacerecognitionisnotatparwithfingerprintsensorButifyouneedclassthenitstheonlyoption
THEBESTPHONEEVERBUTNOTGOODENOUGH,40outof5stars,TherevolutionaryiPhoneXisamongthetopreleasesoftheyearIthasbeenjustaboutthreemonthssincethephonehasbeenreleasedandthedemandisstillthesameTheiPhoneXcomeswithiOS11outoftheboxandispoweredbyApplesA11bionicprocessorThereareseveralmorefeaturesuserscanbragaboutbutisitactuallyworthbuyingLetushavealookatsomeoftheprosandconsofiPhoneXsothatyoucaneasilydecidewhethertobuyitornotProsOfIPhoneX1FaceID2DualCamera3OLEDDisplay4Animoji5AugmentedReality6PortraitModeConsOfIPhoneX1Price2iPhone8PlusisaBetterChoice3HomeButtonisRemoved4FastChargingDoesntComeforFreeRatings1Design9102Display9103Software9104Performance10105Battery9106Canera9107Valurformoney6108Overall910Ifthisreviewhelpedyoupleasevoteforhelpful
GreatPhone,50outof5stars,GotProductOnTimeThankyouAmazonPhoneIsworkingGreatJustlovingitExcellenttouchcamerafaceIDLookEverythingIsJustPerfect
Verynicephone,50outof5stars,Nicephone
StableandDesign,50outof5stars,AfterSamsungS2J7On8andS7movedtoiPhoneXforsecuritystabilityanddesignGladImovedtoiPhoneXUsingitfor4hrsandslightlygetsheatbutnothatbadthenS7FaceIDisexcellentfeatureGoforitandreallywrothspendingforthisphone
Nice,50outof5stars,BestphoneandverypromptdeliveryIboughtthephonefromthesellerapparioretailGotanoriginalproductwithoutanytamper
FiveStars,50outof5stars,TohotnsexyphoneIloveapple
Amazingproductandgreatdelivery,50outof5stars,UndoubtedlyitsagreatpieceofinnovationiPhoneXisnotonlyapremiummobilebutagreatproductThankstoamazonformakinganontimedeliveryandgreatpacking
LOVEIT,50outof5stars,Ifyouareanapplesnobyoullloveit
FiveStars,50outof5stars,Great
PerfectphoneButnothappywithamazon,10outof5stars,PerfectphoneButnothappywithamazonSomeglitchesandbatteryproblemNotsureifamazonisrightplacetomakesuchpurchase
Goforthis,50outof5stars,IwouldntdescribethisasaphoneitsapieceofartthemomentyouopentheboxyoucanseethebeautifuliPhoneXItsworthspendingalittleextra
Best,50outof5stars,IamveryhappywithAppleiPhonexItisverybestever
Happy,50outof5stars,QuickdeliveryAwesomedeviceHappycustomer
Awesomephone,40outof5stars,Switchedfromandroidtoiphonefor1sttimeandsofarhavinggoodexperienceMissingsomeofthehandyfeaturesandsettingsfromandroidbutiphonehasitsownwayofsettingthingsup
ItsthebestThephoneyouusedescribesyourpersonalityas,50outof5stars,ItsIphoneasweknowitItsthebestThephoneyouusedescribesyourpersonalityassomepeoplesayit
Owesomeiphoneever,50outof5stars,Superbdurableprofessionalcamerareallifecolourdisplayloudcrystalclearaudioincrediblefaceid
ThebestfromApplesofar,40outof5stars,OneofthefinestdeviceIveeverusedIdhavegivena5stariftheergonomicswerebetterSomeoftheappsarenotyetreadyforthiskindoffulldisplaybutmostoftheappsworkflawlesslyIwouldstillprefertheformfactorofiPhone7withabuildqualityofiPhonexanimozidisplayqualityandofcoursefaceid
FourStars,40outof5stars,iPhonexiswirelessbutugiveuswire
BestphoneupgradefromiPhone7Plus,50outof5stars,AwesomephoneBestupgradefrommyiPhone7PlusThesizeisperfectAbsolutelyloveit
Nothappywiththepurchase,20outof5stars,MissingheadphonesfrominsideapackedboxDidntexpectthat
DidntincludelighteningcablechargerwireWTFCLOUDTAIL,10outof5stars,DidntincludelighteningcablechargerwireWTFCLOUDTAIL
FiveStars,50outof5stars,Thisisreallysgreatphone
Excellentphone,50outof5stars,Excellentservicebyamazonthephoneisgoodandbatterylifeisverygood
FiveStars,50outof5stars,Goodphone
FiveStars,50outof5stars,Goodforit
FiveStars,50outof5stars,Simplywow
iPhoneXstuckatblackscreenwithApplelogo,20outof5stars,IvebeenaniPhoneusersinceiPhone4InfactmywholeworkplatformisbasedonAppleproductsButthistimeitwasquitedisappointingtoseeafaultydeviceItsnotthesellerbutthebuildqualityforsureMyphonegotstuckafterthefirstrestartItkeptshowingablackscreenandtheapplelogoagainampagainItsaknownissuebutveryfewpeoplegotthisIeventriedallofthementionedfixesbutnoneworkedHadtosubmitthedevicetoAppleservicecenterandnowthereisawaitingperiodofatleast10daystillIgetanewdeviceortheyfixthisoneVerydishearteningforsuchanexpensivedeviceAgainnothingagainstthesellerastheydonthaveanythingtodowiththis
Excellent,50outof5stars,ReallyawesomeLooklikeunbelievableGorgeousbeautiful
FiveStars,50outof5stars,Iloveiphonex
themicrophoneonthephoneweakormakeitbadlikewhenyouanswerthephonecallthenvoice,40outof5stars,Oksothereisatipforanyiphoneusersorwhohasaniphone10ifyougotogymregularlynyoudosweatalotthenneverkeepyourphoneinthepocketitwillmakethemicrophoneonthephoneweakormakeitbadlikewhenyouanswerthephonecallthenvoiceofthereceipentwouldnotbeaudibleyouneedtohavesharphumanlisteningskillinordertounderstandwhattheotherpersonissayingbecausethethesweatfromthepocketreachestothephonenscrewswiththemicrophonesoNEVERPUTYOURPHONEINYOURPOCKETDURINGGYMTHEWHOLETIME
Goodmobile,50outof5stars,iPhonexspecificationsisgreatCameraandapplicationofthismobileisfantastic
5starstoafabulousphone,50outof5stars,bestphoneevercameraisjustmindblowingpictureclarityisgreatsoundsystemisalsogreat
Highpricefornothingextraordinary,30outof5stars,NothingexcitinginthehardwareDefinitelynotworththishighcost
FiveStars,50outof5stars,Goodexperience
FiveStars,50outof5stars,Usingsincefromlaunchowsemeonephonemeansiphoneitsmy5thone
Awesomephone,50outof5stars,IhavethisphoneanditisveryniceandtereisnohearingprobleminitalthoughIplaygamesevenfor4hours
FiveStars,50outof5stars,NoDoubtAmazingphoneExcellentperformance
FiveStars,50outof5stars,Good
FiveStars,50outof5stars,Greatdevice
Besteverproductfromamazon,50outof5stars,BeautifulphonefromamazonIloveitnbestpartisthatIgotaexcellentservicefromamazon
ThemostamazingiPhoneyet,50outof5stars,ThemostamazingiPhoneyetThealmostbezelfreescreenisvibrantandsharpFaceIDandusegestureshavemadeoperatingthephonesoeasyintuitiveandsmoothThecameraisawesomeandportraitmodeandportraitlightareoutstandingWiththegivenspecsthephoneisveryfastandgreatlyresponsiveAllappsareyetnotoptimisedforiPhoneXsooneneedstowaitforthatchangetoenjoythisbeautifulhandsettothemaximum
OneStar,10outof5stars,DuplicataproductwasdliveredWithduplicatecharger
BeautifuldesignediPhonebyapple,50outof5stars,IreceivedmyXonlaunchdayandIabsolutelylovethisphoneIfyouwouldlikealistofjustmythoughtsonthephonescrolldownpasstheintroductionThetransitionNOhomebuttonThestapleoftheiPhoneisgonewellmovedtoalittlenotchatthetopIwasexpectingthistransitiontoahomebuttonlessiPhonetobedifficultbutallofthegesturesfeelsonaturalIfindmyselfannoyedtryingtoutilizedanolderiPhoneastheinterfacenowfeelsclunkySwitchingthroughappsopeningthephoneaccessingeverythingitsallsoeasyNowthisisnttosaythereisntatransitionandwhileeverythingfeelsnaturalthereisaperiodoftimewhereyouhavetogetusedtothenewinterfaceandsomeaspectsthatinitiallyseemeddifficultbecomesecondnatureForexamplereachabilitywasafavoritefeatureofmineandwhileitwasinitiallyhardtoactivateIhavenowlearnedhowtoactivateitwithoutanissuereachabilitybringstheiPhonescreendownhalfwaytoreachtoppartsofthescreenwithoutmovingyourhandFaceIDIwasskepticaltosaytheleastbutFaceIDworksalmostperfectItdoeshoweverlearnfromitsmisstepsandifitfailstoidentifyyouitwilladdthatdatatoitscacheIpersonallyscannedmyfacenormallythefirsttimeandonthesecondscandiditatroughlya45degreeanglesoIcouldleanovermyphonetoviewnotificationsAsIveadjustedtoFaceIDithasgottenfasterandfasteratscanningmyfaceanditsnotsomethingyouneedtowaitontoopenyourphoneBythetimeyouswipeuponyourphoneitsunlockedandreadytogoIseriouslyforgetIhaveapasswordIalsoreallyenjoytheabilitytoutilizeFaceIDformypasswordforotherloginsandtheabilitytoopenupanappdirectlyfromthelockscreenwithouthavingtothenentermyfingerprintpasscodeItsimportanttonoteherethatyourprivacyiswellyoursNoonehasaccesstothedataFaceIDgathersanditistrulyyoursApplehasagoodtrackrecordonkeepingyourdataprivateastheyarenotinthedatabusinesshelloGoogleampFacebookWhatIloveThescreenlooksamazingThecolorsarevibranttheblacksaredeepwithblackwallpapersflowingaimlesslyintothephonetothepointyoucannotseethenotchinthescreenifthewallpaperisblackTheNotchYesthenotchSomepeopleseemtohateitIthinkitsiconicandmakestheiPhoneXstandaloneinoledsphereItfadesintotheuserexperienceandIhavenothadanyissueswithitThescreensizeIhavealwayswantedaplusbutIalwaysfeltlikeitwastoobigformyhandsThatIwoulddropthephoneandthereitgoesTheXremediesthisformeandIgettousealargerscreeninnearlythesameformfactorasmy6SThescreentrulylooksamazingandifyouhaventseenonecheckoneoutatalocalstoreImnotsurehowmuchofthisisjustbecausemy6SwasafewyearsoldbutthetapticengineintheXisamazingAsinwhenthephonevibratesIcaneasilyidentifywhatitisthroughthevibrationandthevibrationitselffeelssmoothForcetouchisalsofantasticandthehapticfeedbackoneverythingfromalikeontwittertomovingappsaroundiswonderfulMakesthescreenfeelmorethreedimensionalinawayThecameratakeswonderfulpicturesIhavetakenafewpicturesinportraitmodeandsomepicturesgenuinelylookliketheyweretakenwithaDSLRcameraThespeakersarelouderthanIexpectedandsoundveryclearGreatforimpromptumusiclisteningThephoneisalittleheavybutitisdefinitelycomfortabletoholdItfeelslikealuxurydeviceandhasacertainweighttoitWhatIdontHonestlyIdonothaveagenuinecomplaintatthispointTheonlycomplaintthatcomestomindrevolvesaroundthelackofoptimizationIhavefacedinsomeappsbutthatisadeveloperproblemandeventhendevelopershaveoptimizedamajorityoftheirappsandmyissueshavebeenfewandfarbetween
FiveStars,50outof5stars,greatphonegreateveryfeatureilovemyiphonex
FiveStars,50outof5stars,Awesome
FourStars,40outof5stars,Goodphonebutvulnerabletobreakageasithaslittleprotectiononsideofthescreen
Bestiphoneever,50outof5stars,Itsjustfabinitiallywasconcernedfromreviewsbutwhenuuseitubecomeaddictofit
FiveStars,50outof5stars,FantasticiPhoneyoufallinloveasyouuse
ThedisplayisdefectiveDidnotexpectthisfrom,10outof5stars,ThedisplayisdefectiveDidnotexpectthisfromamazonaswellasAppleDisplayhaspinkhueissue
OneStar,10outof5stars,Cameraisnotworking
Bestperformance,40outof5stars,FaceidcameradisplayisbestBestperformanceButpriceishigh
Peoplecanthearmeoncallsfromiphonex,10outof5stars,IamiPhoneuserfromlast6yearsIhavehadiphonexsincelast2weeksButoverthecallIhavemadeIhavehadeveryonesaysmyvoiceisveryfaintortheydoesnthearmeatallIsthissoftwareproblemIhaddiscussionwithonlinecustomerservicerepresentativeandalsoatappleauthorisedservicecenterandtheydidsomediagnosticbutitdoesntworkedLessthanaweekowningitisprettydisappointingafterspendingthishugeamountItriedwithandwithoutcasetooNeedhelpfromapplesupportorAmazon
FiveStars,50outof5stars,Worthofbuyingit
HappynContent,50outof5stars,NiceWorkingallfineGoodvalueBestphoneavlnow
Beastmode,50outof5stars,Beast
FiveStars,50outof5stars,itisamazingphoneiwanttobuyformybrother
Greatphone,40outof5stars,BoughtthisphoneinnovemberWhatiloveaboutthephone1Itsscreen2Thephoneisfast3Camerasbothfrontandreararegreat4BatterylifeisprettygoodTheonlydownsideisthechargingspeedThephonechargesslowwiththestandardchargingcablethatcomesoutoftheboxIpersonallyfeelappleshouldhaveatleastgivenafastchargerwithsuchanexpensivedevice
FourStars,40outof5stars,Good
FiveStars,50outof5stars,Worthbuying
FiveStars,50outof5stars,VeryNiceworkingiPhonehaveanemojiksystemthatthebest
Excellentmobile,50outof5stars,IhaveworldsbestbrandphonefromamazonThnxamazonamphdfcforprovidingmegreatcashbackFeaturesareawesomebutbatterybackupnotgoodApplepleasedosomethingaboutbatterybackupIhavenotreceivedcashbackfromhdfcTheyyoldmetotalktoamazonnamazontoldmetotalktohdfcbankKindlygivemycashback
OneStar,10outof5stars,stoppedworkingin25dayswhatelsetosayfortheexpensivestuff
CommendableDelivery,50outof5stars,Exceptionaldeliverywithin24hrsatgoodbargainPhoneisexceptional
Best,50outof5stars,Itisagreatphonereallyitsgood
OneStar,10outof5stars,IamnotabletoturntheiPhoneONNotabletoreturntheitem
FiveStars,50outof5stars,ThisisiPhoneXNodoubtIllevergiveitlessthan5IwouldstronglyrecommendyoutomakeavideoofopeningtheboxwhenyourreceiveitlikeIdidItwouldgiveyouproofifyourproductisperfectordamagedIdidthesameanditturnedouttobeperfectformeIdontknowaboutothersAsfarasIknowamazonprovide1015daysreturnpolicyonAppleiPhoneX
FiveStars,50outof5stars,Excellentphone
FiveStars,50outof5stars,Excellent
ThreeStars,30outof5stars,Batterydrainsveryfast
ItsbestphoneevermadebyApple,40outof5stars,OrderedthiswithApplesgenuine12Wchargingadapterthe5WwhichcomesisextremelyslowandtakesagestochargeIfsitsworthforthispricetagisstilldebatableIvebeenusingiPhonessinceiPhone6daysandimcompletelyintoApplesecosystemhavealmosteveryAppleProductsopricedontreallymatterforme
FiveStars,50outof5stars,Awesomeandworthit
ExtremelyDisappointing,10outof5stars,ExtremelydisappointedwithIphoneXItsbeen14dayssinceIboughtthephoneandalreadyIamunabletohearanythingoverregularvoicecallsonthephoneAfterspendingsomuchIamunabletousethephoneforitsbasicfeaturemakingcallsAfterspeakingwithApplecustomercareforover2hoursIamyettoreceiveasolutionwhichmaytake23daysButcomeonItsthebasicfunctionofaphoneMyworstpurchaseeverAlsoifyoustillhavetowasteyourmoneyonthispremiumproductthenmostdefinitelydontbuyonlinethroughAmazoncausetheyprovidezerosupportTheyhavea10dayreturnpolicyandyourphonestopsworkingon14thdayandyouareabandonedandleftonyourowntodealwithappleWhobtwdontreplaceyourphoneandinsteaddosomeinvestigationandtaketheirownsweettimeAnddidImentiontheproblemisthebasicfeatureofanyphoneUnabletohearanythingoncallsAnditdoesntmatterwhatyourrevieworfeedbackoryourexperienceisbothAppleandAmazoncaremoreabouttheirprofitmakingpoliciesratherthanthecustomersexperienceorproblemsYoucanrestassuredthatyourissuesandfeedbackisjustbackgroundnoisetothemWhatsworseisthatthiswasmygifttomymumAnditturnedouttobeanutterflopNeveragainAmazonnorApple
Bestphoneinthemarket,50outof5stars,Greatphoneitdoeseverythingexceptionallywell
Dream,50outof5stars,MydreamphoneIloveit
FiveStars,50outof5stars,Good
FiveStars,50outof5stars,Appleisthebestcompanyinthisworld
FiveStars,50outof5stars,Ihaveusedthisphonelast3month
Good,50outof5stars,Good
AwesomeiPhoneX,50outof5stars,TheiphoneXhascomeupwithsomespectacularfeaturesandtillnowisoneofthebestoutalliPhoneseriesMoreoveritsveryhandyalsotocarryButonepointhastobementionedherethatbatterybackupshouldhavebeenlittlebitbettersofarappleisconcernedOutstandingservicefromtheVendorasthephonereceivedwithin24hours
85000,10outof5stars,85000
iPhoneXhasverygoodbatteryefficienttomanuarandverygoodlooking,50outof5stars,iPhoneXhasverygoodbatteryefficienttomanuarandverygoodlookingphoneimTotallysatisfied
Iphone,50outof5stars,HellothisisiPhonex
Defectiveproduct,10outof5stars,IncomingcallnotdisplayingimmediatelyTouchproblemwhilereceivingincomingcall
OneStar,10outof5stars,worstproduct
Good,40outof5stars,Verygoodversion
FiveStars,50outof5stars,asalwaysappleisthebest
FiveStars,50outof5stars,PleasetestingforaiPhonex
Bestphone,50outof5stars,Lovewordisenoughforit
FiveStars,50outof5stars,Bestphoneusedever
YourmoneywillnotgowasteAmazingcamera,50outof5stars,ThisisthephoneyoushouldbuyifyoucanafforditYourmoneywillnotgowasteAmazingcameraamazingprocessorfaceIDistopnotchandthereisnocomparisonforthisphoneLovingit
awsm,50outof5stars,nycphone
TwoStars,20outof5stars,Phonerecievedingoodqualitybutspeakerisnotworkinggudvoiceiscrackinginspeakermodenothappy
FiveStars,50outof5stars,Ilikethisphone
BESTiPHONEEVERISiPHONEX,50outof5stars,HiThisisaverygoodproductunderRs82999andcomeswith1YEARWARRANTYItisthebestiphoneIhaveeverseenithassomuchnewfeaturesandlookisamazingItqualityandconditionisgoodIreallyloveditBelowaresomefeaturesandbriefdescriptionaboutitBRIEFDESCRIPTIONDesignandDisplayHowdoyoucreateadeeplyintelligentdevicewhoseenclosureanddisplayareasingleuninterruptedelementThatsthegoalwefirstsetforourselveswiththeoriginaliPhoneWithiPhoneXweveachieveditWithiPhoneXthedeviceisthedisplayAnallnew58inchSuperRetinascreenfillsthehandanddazzlestheeyesThedisplayemploysnewtechniquesandtechnologytopreciselyfollowthecurvesofthedesignallthewaytotheelegantlyroundedcornersFrontandBackGlassThefrontandbackareallglassthemostdurableweveevermadewithastrengtheninglayerthats50deeperAsevenlayerinkprocessallowsforprecisehuesandopacityandareflectiveopticallayerenhancesthecolorsAndanoleophobiccoatingletsyoueasilywipeoffsmudgesandfingerprintsWirelessChargingforaWirelessWorldWevealwaysintendediPhonetobeatrulywirelessdevicefreefromchargingcablesandheadphonecordsWithaglassbackandanembeddedwirelesschargingsystemiPhoneXisdesignedforawirelessfutureWaterandDustResistanceiPhoneXisprecisionengineeredatthemicroscopicleveltoprotectagainstwatersplashesanddustOLEDDesignedforiPhoneXThefirstOLEDscreenthatrisestothestandardsofiPhonewithaccuratestunningcolorstrueblackshighbrightnessanda1000000to1contrastratioImprovedCamerasAlargerandfaster12MPsensorAnewcolorfilterDeeperpixelsAndanewtelephotocamerawithOISThewideangleandtelephotocamerasoniPhoneXenableopticalzoomaswellasdigitalzoomofupto10xforphotosand6xforvideosFaceIDFaceIDisenabledbytheTrueDepthcameraandissimpletosetupItprojectsandanalyzesmorethan30000invisibledotstocreateaprecisedepthmapofyourfaceSoMuchTechnologyInSoLittleSpaceTheTrueDepthcamerasystemallowsyoutotakeamazingphotosandenablesFaceIDItshousedinatinyspaceatthetopofthedisplayyetwithinthisminiaturizedmodulearesomeofthemostadvancedtechnologiesweveeverdevelopedFEATURES11473centimeters58inchcapacitivetouchscreenwith2436x1125pixelsresolution2iOSv1111operatingsystemwith13GHzAppleA11Bionichexacoreprocessor3GBRAM64GBinternalmemoryandsingleSIM32716mAHlithiumionbattery41yearmanufacturerwarrantyfordeviceand6monthsmanufacturerwarrantyforinboxaccessoriesincludingbatteriesfromthedateofpurchaseSOIFTHISREVIEWHELPEDPLEASEVOTEITHELPFUL
FiveStars,50outof5stars,Superfastdeliveryandgenuineproduct
Cameraisverygoodandpottsitmodeeveninfrontcameraissuperb,50outof5stars,ReceivedmyiPhoneX3daysbackAmazonwasverysupportiveintermsofdeliveryiPhoneXisveryimpressivebylooksandinfunctionalityCameraisverygoodandpotraitmodeeveninfrontcameraissuperbLovingthisphone
FaceIDworksfineCameraisgreat,50outof5stars,JustreceivedittodayGotdeliveredadayearlierSothankyouamazonFaceIDworksfineCameraisgreatCompactandfitsinyouronehandStillneedtoexploremorebutgreatdevice
DoesitWorthYourmoney,40outof5stars,TheiPhoneXwasahugegamblefromApplebutonethatreallypaidoffLosingthehomebuttonandalteringthedesignwasadangerousmovebutonethatwassorelyneededafteryearsofsimilarityandthepremiumdesignextrapowerallscreenfrontmixtogethertocreatebyfarthebestiPhoneApplesevermadeItsimpossibletogiveaperfectscoretosomethingthatcoststhismuchbutthisistheclosesttosmartphoneperfectionApplehasevergotLosingknownreliableelementsliketheTouchIDfingerprintscannerthehomebuttonintroducingnewmethodsofnavigatingandunlockingthephoneandchargingalotmorefortheprivilegeseemsriskyforacompanythatwasalreadytreadingnewgroundbydoingawaywiththetraditionalheadphonejacklastyearButtheiPhoneXisthehandsetwevebeendemandingfromAppleforyearsaworldawayfromtheincreasinglytireddesignsthatthosewhojustwantanewiPhonehavehadtomakedowithSoistheiPhoneXworthhavingWillitchangethedirectionofanindustrywheremanyofthespecsApplehasputinwirelesschargingbezellessdisplaysandfacerecognitionarealreadyonthemarket
coolprdect,50outof5stars,ItisaverygoodprdectandverywellPack
Epicphonebuttoexpensuve,40outof5stars,Epicphonebutveryexpensive
FiveStars,50outof5stars,Doesallthemultitasking
Superb,50outof5stars,Oneofthebestphoneavailableinthemarket
FiveStars,50outof5stars,Awesome
FourStars,40outof5stars,Awesomephonebutneedtoimprovebatterybackup
FiveStars,50outof5stars,Awesomeproduct
FiveStars,50outof5stars,Niceone
FourStars,40outof5stars,AmazingPhone
FinallyAWorthyupgrade,50outof5stars,HonestlyIGotMyiPhoneFromiCentreBecauseOfTheTheNumerousAmountOfNegativeReviewsThereOnAmazonManyPeopleAreWorriedAboutTheNotchGettinginTheWayIfYourContentButAfter3DaysOfUsageITotallyGotUsedToTheScreenOfThePhoneTheCameraIsTopNotchSeeWhatIDidThereOnlyThe25KDollarRedCamerasHavePerformanceToCompareWithTheIphoneTens4K60FPSVideoThePotraitModeIsExcellentTheNewUIIsVeryEasyToGetToMakeASecondHandGestureFaceIdIsSuperSecureAndFinnalyThisIsTheFirstMajorReDesignOfTheIphone6LikeBodySoTotalllyGoForIt
MustReadAndroidtoIphoneXexperiance,50outof5stars,Iwasanandroidusersince2011IalwayskeptiPhoneawaywhilebuyinganewphoneMyprimaryconcernwhileselectingasmartphoneistheCameraAndmypreviousXperiaandSamsungflagshipsservedwellinthatpurposeThistimeIhaveshortlistedGalaxyNote8andiPhoneXSincethepricedifferencebetweenbothofthemaresmallandthelagsonmylastandroidphonescompelledmetobuyiPhoneXIhavepreviouslyusediPhone5Sand6PlusforashortperiodBothwere16gbandIreturnedtoAndroidphonesduetolimitedsharingoptionsandlackofextrastorageSpeakingofiPhoneXitisbeautifulheavyweightedelegantbylooksTheperformanceisveryfastthecameraisjustawesomeThereistonofiPhoneXreviewsonYouTubeinternetsoIamnotgoingtoreviewithereIamjustsharingsomeprosandconsaccordingtomyusageProtectionTipsCaseIbroughtaSPIGENNeonUltraHybridCrystalcaseasthatprovidessoliddropprotectionaswellashassilverliningthatmatchswellwithsilvercolorofmyphoneScreenProtectorHereibroughtMTTithasalltheusualfeaturessomepeoplemayalsogoforthefullbodyprotectionthatevenprotectsthetopnotchbutthatmightaddbulkbutheythatsmyopinionProsSuperfastElegantampbeautifuldesignLargescreenof58inchGoodbatterybackupLastsfulldayonheavyusageFacialRecognitionFaceIDGreatphotosbothdaylightandlowlightQuadLEDflashVerygoodportraitphotosStagelightisahitormissallothermodsworkbeautifully10XopticalzoomusingDual12mpcamerasGreatqualityloudsoundFastestProcessorA11Bionic7mpfrontcameraAwesome240FPSslowmotionvideosin1080pGreatvideoqualityStainlesssteelbodyWirelesschargingNotmuchheatingHighestDisplayBrightnessof574nitsSamsungGalaxynote8has408nitsBestinclassOLEDassaidbyDisplayMateThenewswipesgesturesarereallyintuitivetheyhaveanaturalandsimpleflowtothemBestvideorecordingasforstillphotositfallsjustbehindgooglePixel2notmuchFirstBezellessdesigniPhoneConsVeryhighpricewhencomparedtoothercountriesVerylargeampheavyItisverydifficulttoholdforlongtimeHandsgethurtsLargeScreenmakeonehandedoperationdifficultApplesnewimageampvideoformatisnotsupportedbymostdevicesNocompletefilemanagerNodedicatedheadphonejackWeshouldkeepaBluetoothheadphonetousewhilechargingLimitedsharingfunctionalityUngroupednotificationsareannoyingIOS11isbuggyandthereisanupdateeachweakNofastchargingadapterWecanchargeusingfastchargingpowerbankorotherphonesadapterthoughSameDesignasandroidabetthenotchThebackglassgonnabreakeasilyWehavetouseathickcasetoprotectthecameraduetocamerabumpThestainlesssteelbodyispronetoalotofscratchesbatterypercentagenotshownuphavetoscrolldowntoseeithopeIOSupdatewillprovideoptionIhaveattachedsomephotostakenusingmyiPhoneXPleasehavealook
MyiPhone10broughtinMidDecember2017,10outof5stars,IbroughtthisphonefromAmazononlybecauseamazonsellsguranteedproductsIpaidthesamepriceformyiPhone10asIwouldhavepaidinanyapplestoreinIndiaInowrealisethatthephonesoldbyamazonthroughitstradingpartnerisajailbreakediPhone10ThisisthelastthingIhadexpectedforaproductofsuchhighvaluefromAmazonIndia
HatetheEXLovetheX,50outof5stars,JustlovetheXFeelsoPremiumandaHeadturnertooFaceIDworkingfinebutstillmissthefingerprintscannerverymuchIjumpfrom5StoXsoitsahugeskipImveryveryhappywithitSpeciallybatterybackupisgreatafterusingwith4gcellularnetworkandnoheatingissueatallthoughImnotamobilegamerOftentimesIplayBoomBeachandIwatchYouTubevideosandIsurfalotItmakesadeepholeinpocketattheHeftypricetagSoitsalluptoyourConsideration
LOVEIT,50outof5stars,ILOVEIT
Fabscreensuperfastphine,50outof5stars,SuperbphoneBestappleproductever
Thefastestphoneinthehistoryofsmartphones,50outof5stars,ThisphoneisblazingfastandisextremelygorgeousTheedgetoedgedisplayisoutstandingTheFaceIDworksformeeverytimeThisphoneisaworthypurchaseforsure
Awesomephoneeverandrevolutionaryphone,50outof5stars,ItsreallyreallyawesomephoneanditsrevolutionaryphonetooitneverhangitsreallyawesomeIexpectedthisfromAPPLE
Bestcellphoneof2k17,50outof5stars,TheXmighthavethethinnestscreenbezelsofanyiPhonebutitcouldonlygettherebyditchingthephysicalhomebuttonThatalsomeantgettingridofTouchIDfingerprintscanningsoinsteadwegetFaceIDfacialrecognitionIttakestwocamerasoneregularoneIRanIRdotemitterandseparateIRfloodilluminatortoaccuratelyscanandrecogniseyourfaceinlessthanhalfasecondandallthattechtakesupspaceThewayitbulgesoutintothedisplayiscertainlyuniqueItsabitlikeMarmiteyoueitherlovethedistinctivelookoryouhatethewayitintrudesonyourscreenspaceAfteraweekwiththephoneImintheformercampalthoughtheeffectithasonsoftwareisanothermatterOpenanappthathasntbeenupdatedyetandyoullgetmassiveblackbordersatthetopandbottomofthescreenorleftandrightwhenyoureinlandscapeThenotchisunmissableinthismodewhenyouopenSafariwithcertainwebpageslookingdownrightuglyAppsthatuseApplesautolayoutfillthescreenbutnotalwayshowyoudexpectsometimesblockingoutthebatteryindicatororlosingUIelementsoffscreenEvenappsthathavebeenupdatedcanlookalittlefunkyThefactthatbignameslikeSpotifydidnthaveupdatedappsreadytogoonlaunchdayisabitofajokeButanywaybacktothescreenitselfItsa58inpaneltechnicallymakingitlargerthantheiPhone8Plusbutthe1959aspectratiomeansitsmorelikeaniPhone8stretchedverticallyAddinthenotchandthatsquitealotofdeadspaceincertainappsandgamesHonestlythoughItsdifficulttomindthatmuchthescreenisabsolutelyphenomenalThatsmainlydowntotheswitchfromLCDtoOLEDgivingtheXtheimpeccablecontrastanddeepinkyblacksthathavebeenimpressingusonSamsungsGalaxyphonesforyearsResolutionhasleaptupto2436x1125abigchangefromtheiPhone8Plusandits1080ppanelPentilepaneltechmightnotresolveasmuchdetailasanRGBLCDscreenbutsomecleverantialiasingonApplespartmeansitsdifficulttospotanylackofdetailOLEDpanelscanendupsolookingridiculouslyvibrantyoullwanttowearsunglasseswheneveryoulookatthembutApplehasbeenprettyrestrainedherephotosandvideosontheXstillpopwithcolourbuttheystayontherightsideofrealisticTrueTonecolourcalibrationhelpshereautomaticallytweakingthecolourtemperaturetomatchtheambientlightaroundyouItsasubtleeffectbutyoullnoticethedifferencewhenyouflickitonandoffinthesettingsscreenItgetsimpressivelybrightforanOLEDpaneltooIhadnoproblemreadingthescreenoutdoorsonasunnydayThatbrightnesscomesinhandyforHDRvideotheXsupportsbothHDR10andDolbyVisionNetflixisalreadyupdatedandworksgreatonagoodconnectionwithagreatrangeofcolourandmoredepthtodarkscenesForallthepitchforksandtorchesbangingonGooglesdooroverthePixel2XLsoffanglecolourshifttheiPhoneXisntimmunefromtheeffectseitherWithnohomebuttontheXmakesyourethinkhowtouseyouriPhoneAnditallstartswithFaceIDInsteadoftappingthefingerprintsensoryounowraisethephonetapanywhereonscreenorpressthesidebuttontowakeitthenswipeupfromthebottomofthedisplaytogetpastthelockscreenNormallyinthetimeyouvedoneallthatFaceIDhasfiredoutthousandsoftinyinfrareddotsscannedthemwithanIRcameraandmappedyourfaceAllyourcontourscurvesbumpsandridgesmakeforauniqueIDthatsevenmoredifficulttofoolthanafingerprintsensorAsyouveonlygotonefaceIhopeyoudonthavetoconsiderwhichhandyoullbepickingupthephonewithortoholditinacertainwaysoyourfingerlinesupwithaphysicalbuttonhandyifyoufoundtheiPhone8justalittlebittoosmallorthePlusthatlittlebittoobigWhenFaceIDworksitworksbrilliantlytakinglessthanhalfasecondtorecogniseyouandunlockthephoneOvertimeitllgetbetteratrecognisingyoutrackingthingslikehairandbeardgrowthsoasnottogetconfusedGoforashaveandbuzzcutandyoumightneedtoretrainitthoughItworkedthroughsunglasseswhileIwaswearingchunkyheadphonesandwithahoodiecoveringmyhairbutleaningmyhandonmychincouldsometimesdefeatitLyinginbedIwouldoftenholdthephonetooclosetogetamatchanditshardertounlockwhilesatonyourdeskthantheoldTouchIDsystemItmightnotbe100accuratebutitsstillbetterthananyotherfacescannerwevetriedonaphoneincludingtheonesfoundonsomeSamsungsWhenitdoesfailyouvegottotapinapasscodejustlikeyouwouldwithTouchIDItsnotexactlyelegantbutitsrareenoughnottobeannoyingunlessyourestoodataLondonUndergroundticketbarrierwithaqueueofpeoplebehindyouDoubletappingthesidebuttontoinvokeApplePayandwaitingforafacematchfeelsalittlebitslowerthantheoldTouchIDsystembutmaybethatllchangeonceitbecomessecondnatureAllthesefacescanningshenanigansmightsoundseriousbuttheresalightersidetoitalltooFireupiMessageandyoucanplaywithAnimojianimatedemojicharactersthatyoucanmovewithyourfaceBymotiontrackingyourfacialfeaturesthephonecananimateyoureyesandexpressionsperfectlyrecordingyourvoiceinsyncforsendingasmessagestoyourmatesItspurelyforfunandallbutguaranteedtoannoyyournoniPhoneXequippedmatesbutundeniablycuteatthesametimeWhilethenotchmightseemlikeabigdealittotallydisappearsonceyouvespentafewhourswiththephoneWithmostdaytodaytasksyouwontreallynoticeitespeciallywhenusingtheiPhoneXinportraitmodeWhatyouwillnoticeovertimeishowtheentireiOSUIhasbeenredesignedarounditUntilnowiPhonemodelshavehadaneverpresentunlessyouareinthefullscreenmodebarthatsbeenusedtodisplayallkindsofimportantinformationfromthetimetosignalstrengthandtoevenindicateifsomeappisusingyourlocationinformationWiththeiPhoneXsnotchtheresverylittlespaceforallthisinformationtheleftsideistakenupentirelybytheclockwhiletherightonlyhasroomforthesignalstrengthindicator3G4GWiFiindicatorandthebatteryiconYounolongerseethingslikethenameofthenetworkwhichmightnotseemlikeabiglossbuttherearetwoothercompromisesthatwillpotentiallybemoreupsettingformostusersThebatterypercentageandBluetoothconnectionstatusarenowonlyvisibleonlyifyouswipedownfromtherightofthenotchandtheresnowaytohavethemalwaysvisibleIfyouuseBluetoothdeviceslikeAirPodsspeakersorincarunitsyoucannolongertellataglanceifyourphoneisconnectedThenotchwillbotheryouinfullscreengamesandvideosorifyouusetheyourphoneinlandscapemodealotBydefaulttheaspectratiooftheiPhoneXsdisplaymeansthatmostvideoswillplaywiththickenoughblackbandsontheleftandrightthatthenotchwillblendinwithoutanyproblemsHoweverifyouchoosetozoominbyusingpinchtozoomintheYouTubeappforexampleyoubringthenotchintoplayevenasthevideogetscroppedlikeonanyotherdeviceWeregularlywatchedvideoszoomedinanditdidntbotherusonebitbutyourmileagemayvaryOntheotherhandwedidlikesomeofthechangesthatthenotchspresencehasresultedinOneofourfavouriteiOSfeaturesistheabilitytoscrolltothetopofanylistorpagebytappingthebarattopHoweverifsomeappisusingyourlocationinthebackgroundorifsomedeviceisconnectedtothehotspotonyourphonethisfunctionalitybreaksastappingonthebarthentakesyoutotheappusingyourlocationinthebackgroundortheHotspotsettingsasthecasemaybeWiththeiPhoneXthelocationhotspotalertsarerestrictedtotheleftearwhichmeansyoucanstilltapthenotchortherighteartoscrolltothetopofanylistthatsrightthenotchdoesrecogniseyourtapsWevespentconsiderabletimetalkingaboutthenotchbutifyouarewonderingwhatexactlyitisthislittlesectionisforyouWiththeiPhoneXdoingawaywiththeHomebuttonandwithittheTouchIDfingerprintscannerAppleneededanewwayforustoquicklyandsecurelylogintoourdevicesandauthorisepaymentsThesolutionisFaceIDandthenotchcontainsthefrontcameraand3DsensingsensorsthatmakethistechnologypossibleThethreemaincomponentsherearetheinfraredcamerafloodilluminatoranddotprojectorThelatterprojectsmorethan30000invisibledotsontoyourfacetobuilda3DmapthatcanbeusedtoidentifyyouThefloodilluminatormakesitpossibletodothatinthedarkbyemittinginvisibleinfraredlightandtheinfraredcamerareadsthedotpatternTheinfraredimageissenttotheSecureEnclaveintheA11BionicchipaspecialareathatsusedtostorebiometricdataonthechipthatpowerstheiPhoneXtoconfirmamatchLikewithTouchIDApplesaysnobiometricdataactuallyleavesthedeviceatanypointwhichmeansthatyourprivacyisassuredThedaytheiPhoneXwasannouncedandwellbeforewehadspentanymeaningfultimewithitwesaidthatFaceIDfeltlikeacompromisethatitcouldneverbeasfastasTouchIDandthatApplewouldgobacktousingfingerprintscannersassoonasitcouldfigureouthowtoembedthemintotheglassfrontsofitsphonesAcoupleofmonthsintohavingusedtheiPhoneXitssafetosaythatwhileFaceIDmightnothavetherawspeedofTouchIDamoveawayfromFaceIDwontbebecauseofanysignificantdrawbacksinthetechnologyItworksseamlesslyonmostoccasionsandmorereliablythanwedimagineditwouldgoingintoourreviewItsalmostlikehavinganynopasscodeorsecurityfeatureonyourdeviceThatmightnotbeachangeformanypeopledespitemanufacturerswarningsduringthesetupprocesswefindanuncomfortablylargenumberofpeoplecontinuetousetheirsmartphoneswithoutapasscodebutforeveryoneelseFaceIDreducestheextrastepofunlockingyourphonebeforeyoucanuseitGrantedmostofushadbecomeaccustomedtousingfingerprintstothepointthatitneverfeltlikeanadditionalstepbutnowatmosttimesyoucanjustpickupyouriPhoneXandtrustthatFaceIDisjustauthenticatingyouinthebackgroundForallpracticalpurposesthisfeelslikeusingaphonewithoutapasscodeThisisespeciallygreatwhenyouareinteractingwithnotificationsBeforetheiPhoneXtappingonanotificationsaytoreadanemailonalockeddevicemeantusingTouchIDorneedingtoenterpasscodetounlockbeforeyoucouldproceedWithFaceIDtheadditionalstepisremovedandyoucannowinteractwithnotificationsasoriginallyintendedThenotchiswherealltheFaceIDbitsarehousedFaceIDisntperfectthoughbutthenneitherwasTouchIDthefingerprintscannerwaspoorifyourfingerswereslightlygreasyorwetThisisntaproblemnowHoweverIhavefoundthatFaceIDstrugglesifmyeyesareashrivelledmessusuallyfirstthinginthemorningandifthephoneisntcloseenoughtomyfaceIfyourethetypeofpersonwhotriestosneakalookattheirnotificationswithyourphoneatpocketlevelthenyoureoutofluckAppsthatpreviouslyusedTouchIDasameansofunlockingwillautomaticallybereplacedbyFaceIDwithouttheneedforanupdateandyoucanofcourseuseitforApplePaypaymentstooiPhoneXScreenTheiPhoneXseesAppleswitchoutitsusualLCDscreentechforanOLEDpanelforthefirsttimeSamsungGoogleandmanyotherAndroidphonemakershavebeenusingthistechnologyforsometimenowanditsnicetoseeApplefinallyjoiningthefraywithaproductotherthantheAppleWatchThisisalsothehighestresolutionscreeneveronaniPhonewithaslightlyodd2436x1125pixelsplustheressupportfortheDCIP3colourgamutandDolbyVisionHDROLEDsofferbettercontrasttrueblacksandamorecolourfulpicturebuttheyrenotalwaysperfectTheLGpanelsusedbyGoogleinthePixel2XLhavecomeinforplentyofcriticismforpoorviewinganglesandanoddbluetingeEventheexcellentscreenontheSamsungGalaxyS8ispronetosufferingpoorviewinganglesApplesOLEDscomefromSamsungandwhiletheresasmallshifttoblueifyoutiltthedeviceoffaxisitsfarlessnoticeablethanonthePixel2XLApplesaysitsmadeafairfewtweakstothispanelandthecompanysoptimisationofitiscertainlydifferenttoSamsungsapproachforitsownGalaxyS8andNote8panelsColoursontheiPhoneXaremorenaturalandthesaturationisntquitesointenseAtlastTheGoodAgreatblendofhandheldcomfortandabiggorgeousOLEDscreenReartelephotocameraoutshootsthe8PlusinlowlightandthefrontcamerasnapsimpressiveportraitselfiesFaceIDgenerallyworksfineTheBadNewinterfaceandnohomebuttonmeanmajoradjustmentsandkeyfeaturessuchastheControlCenterarehardertoreachanduseItlltaketimeformostappstobeoptimizedfornotchedscreenThephoneishellaexpensiveandtheallglassdesignmeansacaseandaninsuranceplanaremustsShorterbatterylifethaniPhonePlusmodelsTheBottomLineiPhoneXisanoverdueandwinningevolutionoftheiPhonebutyoullneedtoleaveyourcomfortzonetomakeajumpintothefacerecognizingfutureIfyoufindthishelpfulvotehelpfulbutton
OneStar,10outof5stars,Notworththecost
Faceidnotworking,50outof5stars,FewyearsagoIsoldoneofmykidneytobuyiPhone6sandthenafterthatIsoldtheanotheronetobuythe7TobuythisIhadnokidneylefttosellSoIsoldmyheadAndnowthefaceidisnotworking
TwoStars,20outof5stars,dontlikeitthebackbuttonisatthetopleftcornerandcannotusinonehand
FiveStars,50outof5stars,BESTPHONEEVER
Loveit,50outof5stars,InlovewiththeiPhoneXItfeelsmuchbetterthanotheroldermodelsThedesignisamazingItsverypriceybutifyoucanaffordityouwontregretitTheportraitmodeworksreallywell
Xisx,50outof5stars,DontknowtheexactreasonwhyitdiscontinuedButthephoneisgreat
Majourissuewithfaceunlock,20outof5stars,AppleitspremiumbrandandibuiltqualityButyesterdayihavepurchageiphonex64gbsilverclourthisproductmajourissuewithfacerecogniceunlockmanytimeopenwithotherpersonfaceandmanytimenotopenwithregesterfacethisisthemajourissue
Chargingproblems,30outof5stars,slowcharging
TrulyApple,50outof5stars,GreatphoneAppleiphoneXistrulyamazingphonegreatlooksGoodcameraFaceunlockQuickresponsegoodbatterylife
AppleiPhoneXSilver64GBReview,40outof5stars,ProsStunningscreenMuchimprovedtelephotocameraThebestlookingiPhoneeverImpressivebatterylifeFaceIDissomuchbetterthanafingerprintsensorConsSoftwareneedsmoreoptimisationforthetallerdisplayandnotchNofastchargingplugincludedVeryexpensiveKeyFeatu58inchOLEDHDRdisplayA11BionicCPU64GBor256GBstorageFaceIDDual12megapixelcamerawithOISWhatistheiPhoneXTheiPhoneXoriPhone10isahugelyimportantdeviceforAppleNotonlydoesitsreleasecoincidewiththe10thanniversaryofarguablythemostimportanttechproductofthepastdecadebutitsthefirstiPhoneinfouryearstoundergoamajorredesignItsalsothebestiPhoneIveeverusedbutitcomesatacostAprettyheftyoneTheiPhoneXsawabigchangetothelongestablishediPhoneformulaandcurrentlyitsdifficulttosayifitsbeenacompletesuccessHavingusedthephonesolidlysinceitsreleasemythoughtsregardingtheiPhoneXseemtochangeonaweeklybasis
AftertwomonthsofresearchIfinallymadeupmy,50outof5stars,AftertwomonthsofresearchIfinallymadeupmymindtobuyiPhoneXandafterusingforthelastthreedaysIjustwanttosayonethingtoeveryoneyouwillneverregretforyourdecisionforbuyingandalsowhileupgradethesamedeviceinyourfuture
AmazingiPhone,50outof5stars,AmazingiPhoneYouwillneverregreatafterspendingsuchaamountAmazondeliveredasitpromisedCameraistoogoodFeelgoodexperiencewhenuuseit
OneStar,10outof5stars,Screenfaultlinewithin15daythisphonenotworthy1lakh
GoforPixel2,30outof5stars,NotworthmoneyProsFulldisplayConsletscomparewithalmosthalfpricedpixel2SuperexpensiveiPhone85000wherePixel240000NoFastchargingtakesmorethan2oddhourstofullchargePixel2chargessuperfastmostlyin45minstofullchargeFaceidisslowcomparedtofingerprintsensorCameraPixel2singlecameraresultsaremuchmuchbetterthaniPhonexdualcamera
Phoneisworkingtotallyfinecameraisalsogood,30outof5stars,PhoneisworkingtotallyfinecameraisalsogoodButitdoesnotjustifythepricetagpreviousiPhonewerealotbetterthanthisone
Bestmobileever,50outof5stars,ItsimportanttonoteherethatyourprivacyiswellyoursNoonehasaccesstothedataFaceIDgathersanditistrulyyoursApplehasagoodtrackrecordonkeepingyourdataprivateastheyarenotinthedatabusinessNewscreen58OLEDisthemostvibrantandclearscreeneverproducedbyAppleApplehasremovedthetouchIDsensorandbezelaroundtheoldiPhonescreenwhichmeanstheiPhoneXhasanoticeablysmallerfootprintwhilemaintainingalargerscreensizethantheiPhone78PlusSimilartotheiPhone8and8PlustheiPhoneXusestruetonetechnologytomimicthelightingconditionsarounditandadjustthewhitebalanceaccordinglyThenotchcutoutofthetopofthescreeniswhereApplehasincludedthefacerecognitionsensorsfrontcameraandahostofothersensorsForcetouchisalsofantasticandthehapticfeedbackoneverythingfromalikeontwittertomovingappsaroundiswonderfulMakesthescreenfeelmorethreedimensionalinawayThecameratakeswonderfulpicturesIhavetakenafewpicturesinportraitmodeandsomepicturesgenuinelylookliketheyweretakenwithaDSLRcameraThespeakersarelouderthanIexpectedandsoundveryclearGreatforimpromptumusiclisteningThephoneisalittleheavybutitisdefinitelycomfortabletoholdItfeelslikealuxurydeviceandhasacertainweighttoitIhavetestedthisflawlesslywithglassesahatandeveninthedarkItisassimpleaslookingatyourphoneandswipingupfromthebottomThissuperpowerfulnewcameraalsoenablestheanimojifeatureswhichmapsyourfacialexpressionstocreateatalkingemojiThisisafunfeaturebutmoreanoveltythananythingThissametruedepthcameramakestheiPhoneXtheultimatephonefortakingselfiesThenewportraitmodeallowstheuserblurthebackgroundorevencutyourselfoutentirelyandplaceyourselfonablackbackgroundTherearcameraboastsadual12MPsensorarraywithimprovedapertureandwideanglelenswithimagestabilizationTheincreasedaperturefrom28to24allowsforbetterimagesinlowlightconditionsVideocapabilitieshavealsoapprovedaswelltoinclude60p4kvideorecordingdeliveringclearfluidimagesIncreasedRAMsizeto3GBandnewBionicChipmakestheiPhoneXoneofthemostpowerfulsmartphonesarethemarketUpdateddesignfeaturesglassbackandsideswhichmakethephonebeautifullookingAverywelcomechangeinthenormaldesignBatterylifeTheiPhoneXboaststhelargestbatteryinApplehistorywitha2716mAhbatterywhichisabitlargerthanthenewiPhone8PlusAfullchargefrom0100takesabout2hoursand10minutesinmytestingInadditionwirelesscharginghasfinallybeenaddedtothenewiPhoneXand8seriesphonesIhavenottestedthisoutbutamexcitedtogiveitatryWirelesschargingpadisnotincludedwiththephoneBestmobileever
FourStars,40outof5stars,ItslaggierthananiPhone78AllthePlusresolutionphonesarelaggytheiPhoneXincluded
iPhoneX,50outof5stars,Thisisthebestofappletillnow
Itsreallyabeastandamlovingit,50outof5stars,Iamwritingthisreviewafterusingthephoneformorethan3weeksnowwasusingAppleearliertoosoofcourseitfeltlikehomeIupgradedfrom6s64gigtoiPhoneXandmustsayitwasamuchneededswitchThisphoneisundoubtedlythebestinmarketasfaraslooksandperformancegoesthesocallednotchdoesntatallcomeinthewayandtheOLEDscreenisjusttooperfectIdontreallythinkaniPhoneneedsareviewitsassimpleasuseittobelieveitTheonlythingIdidntlikeisthatthepricereducedby45kduringnewyearimmediatelyafterIpurchasedbutthatsagambleonehastoplayIwontevensayitsoverpricedasitsobviousthatiPhoneisaniPhoneIthasexcellentresalevalueandifatallIwanttosellitafter2yearsIthinkIcangetagoodvalueofcourseyouneedtoprotectyourphonewithagoodcaseIliketokeepmyphoneasgoodasNewalwaysGoforitifyouhavethebudgetorcanpayEMIiphonesdonotreallyneedareview
Donotwasteyourmoney,10outof5stars,ThisisbyfartheworstappleproductIveeverusedYouwouldexpectyourphonetobehelpfulintimesofdistresslikeanurgentcallormessagebutthisIPhoneXwillbenotunlockorjustfreemayberightthattimeFaceIDistheworstpartaboutthisphoneAtnighttounlockyourphoneyouhavetogetupandshowyourfacewithbotheyesopenforthisthingtoopenWhencomplainedtoAppletotaketheirproductbacktheysayeitherlivewithitorletsdodiagnostictestswhichdidnthelpeitherwayThisphonefreezeseveryseconddayIveneverhadtorestartmyphonesomanytimesIregretbuyingthisphone
ExcellentPhone,50outof5stars,WellifyouboughtityouknowitAndsuchphonesatthiscostonedoesnotbuyreadingreviewsoversuchsitesMyexperiencehasbeensuperbFaceIDworkslikeamagicAbsenceofHomeButtondoesnotimpedeworkingatallIwillsoontrywirelesschargingThescreeniselegantIagreethegreatnotchonthetoprobsthelooksalittlebitIwasabletorestorebackupfrommyoldiPhone6squiteeasilyfromiTunesonMacBookproTheonlycatchisthatthepreinstallediOSneedsanupgradebeforetheimport
iPhoneXYoubuyityoullloveitwithTC,50outof5stars,SincethedayiPhonecameoutin2007IhaveusedeveryothermodelstartingfromOriginaliphone3GS456SEandnowtheiPhoneXaftertheiPhone62016ithoughtwhynottryoutandroidwhichididinthemostprestigioussamsungGalaxyS7whichwasagoodchangebutdidntquitelikeditmuchthencamethemuchtalkedaboutoneplus3twhichwasalmostgoodBetterdesignallmetalandprobablysleekerincomparisontotheSamsungFlagshipatthetimeIamusingMBPiMacAirportExtremewirelessconnectionstoandroidarenotseamlessneitherdoihaveoptionofimessageortakingupmyphonecallsonmylaptopwhichisabigadvantageofowninganIOSandaMACOSdeviceIDIDNOTHADANICEEXPERIENCEwithandroidsoplannedtomovebacktoIOSandatthetimewasskepticalongettingtheiPhone7PluscauseofthesizecauseilikesmallerphonesandknewhowinconvenienceitistocarryafterOP3tsowentforiPhoneSEwhichistillprefertouseovermyiPhoneXitsjusthandyReachabilityigiveyouthatisahindrancebuteveryoneismakingphonesbiggerLetphonesbephonesyouwantbiggerscreengobuyipadsorothertabletstheyofferexcellentconnectivityforsharingfilesIknowthewholepointistocarrylessonhandbutcarryingsomethingthatbarelyfitsyourhandisalsonotconvenientMyExperiencewithiPhoneXitsgreatthoughitpinchestohavespentthisamountonaphonebutitjustgetsthejobdonedonthavetorelyonunknownsourcesofsoftwarestoconnecttovariousthingsPeoplewhohaveAppleproductscanunderstandthisbetter
ThreeStars,30outof5stars,ThephoneisgoodforthebusinessstandardpeopleItsjustfortheshowoffWhilesomefeaturesaregood
FiveStars,50outof5stars,iloveit
iphonexthedreamphone,50outof5stars,hiitisalmosteverybodiesdreamtodaytobuythisiphoneitisreallythenicephonewithalotoffeaturessomeofthefeaturesare1473centimeters58inchcapacitivetouchscreenwith2436x1125pixelsresolutioniOSv1111operatingsystemwith13GHzAppleA11Bionichexacoreprocessor3GBRAM64GBinternalmemoryandsingleSIM2716mAHlithiumionbattery1yearmanufacturerwarrantyfordeviceand6monthsmanufacturerwarrantyforinboxaccessoriesincludingbatteriesfromthedateofpurchase
WorstCameraDonotbuy,10outof5stars,Worstcameraunderlowlightalllowlightphotoswheretheflashisusedshowsredeyeonthesubejctsmypreviousiphonesnoteventheiphone6hadthisissueitappearstobeadesignflawwiththeiphonexpossiblybecausetheflashisplacedtooclosebetweenthetwolensesthequalityoflowlightphotosisalsonotverygooddontunderstandwhybecausethelensehasaf18apertureandittakessolidphotosindaylightthisisverydisappointingasitsagoodphoneasidefromthis
RetroallglassbodyFaceIDbezelless58OLEDAnimojiSIOS11bugsHighpriceNoSplittasking,40outof5stars,NoteImwritingthisreviewafterusingandtestingthisphonefor1weekandImalsoincludingotherreviewersthoughtsinthisreviewPleasereadthefullreviewifyourthinkingorplaningtobuythishighlyexpensiveiphoneIalsomentionedprosandconswhichifeltwouldcometoyourhelpwhilepurchasingthisphoneIsuggestyoutosimplyscrollupandreadthemifyoudontwanttoreadthefullreviewThisreviewisgoingtobebigSitbackandenjoythereviewIhopeithelpsBoxContentsiPhonewithiOS11EarPodswithLightningConnectorLightningto35mmHeadphoneJackAdapterLightningtoUSBCableUSBPowerAdapterDocumentationSpecificationsA11Bionicchip3GBRAMSixcoreCPUAnAppledesignedGPUwhichhasthreecoresandiscapableofpoweringARat60fpsaswellasenablingnewmachinelearningand3DgamesStorageof64GBor256GBBatterylifethatstwohoursmorethantheiPhone7accordingtoAppleiPhoneXDisplayThisphoneisallaboutthatdisplayandIcouldntstoplookingatitItsreallyamazingItsbrightitsvividanditsenormousThescreentobodyratiowillundoubtedlycomeinhandyAndIrealizedthisisindeedthesmartphoneiwantIwantabigscreeninacompactphoneBecausethedisplayissoamazingyoullalsonoticethenotchiPhoneXFaceIDIwasabletoquicklyregistermyfaceonApplesFaceIDappthatresidesonthedemounitsItwasaspeedyprocessthatIrepeatedafewtimesYouthencantestitinsidetheappbutthetestisntreallyenoughThescreentellsyouthatFaceIDworksbutyoudontgettoactuallylockandunlockthehandsetAppledoesntallowitonthedemounitsIhaveseentheAnimojiwhichlooklikeaneattrickthatIllprobablyseldomusebuthaventactuallytestedthemiPhoneXGlassOhiPhone4howIvemissedyouIlovedtheallglassdesignoftheiPhone4andImgladtoseeitreturnIamworriedthattheiPhoneXwillbemorepronetobreakingwhendroppedthantheiPhone4ButtheglassandstainlesssteelmixfeelamazinginhandIalmostdontwanttocoveranyofthosewithanykindofprotectionwhatsoeverThesteelframefeelslikeasmoothcontinuationoftheglassthatcoversthefrontandbackofthephoneThenotchishiddenbeneathitmeaningyoullneverfeelitspresencewithyourfingersIcantwaitforAppletodeveloptechthatwillletitplaceallthesesensorsunderthescreenOhandwhitelookssomuchbetterthanblacktomeiPhoneXNewgesturesIvebeenusedtheiPhone44S5and6SforyearswhichmeansItendtodothingsonitwithouteventhinkingButcometheiPhoneXIllhavetorelearnhowtointeractwithitWhiletestingitintheApplestoreIkeptstumblingwhenitcametonavigatingappsThatsbecausetheresnohomebuttonsoyouhavetoswipeuptogethomeorintomultitaskingIwouldcatchmyselfpausingandthinkingokayhowdoIgetoutofherewhilehoveringoverwherethehomebuttonusedtobeAndthatsevenifIalreadyknewallthenewgesturesthatAppledevisedtoreplacethehomebuttonDontworrythoughyoullgetusedtothenewgesturessoonenoughespeciallyifyouveneverusedaniPhoneGetACaseSeriouslyGerryrigeverythingayoutubechannelwhichperformsmostlyteardownanddroptesttothenewlylaunchedphonesperformedadroptestoniPhoneXanditdidntfarewellInfactitcrackedatasinglethreefootdropThatsworsethanpreviousiPhonesAndaccordingtohimthebackglassmaydamagebythesimpledropifyournotluckyandohboyitwillcostyoualotofmoneytogetitreplacedGadgetwarrantycompanySquareTradehadasimilarexperienceinitstestsdubbingtheXmostbreakableiPhoneweveevertestedifyourplaningtobuyiPhoneXthenyoushouldbuyacaseforsureifyoudontwantyourbeautifulphonetoshatterwhileitwasaccidentallydroppedBelowarethemajorProsandConsofiPhoneXProsLikableAdvantagesRetroallglassbodyisoneofthemainiPhoneXprosuserswillfavorFaceIDFacialRecognitionasanalternativetoTouchIDiPhoneXadvantagesoverotherphonesinpartbykillingphysicalhomebuttononitsbezellessdisplayAdramaticadvantagesiniPhoneXisthecurvededgetoedge58inchOLEDdisplaywithTrueTonetechnologyandorlonXglassFastWiFiwirelesschargingprobablyusinginductivepowerisanotherbigiPhoneXbenefitPreinstalliOS11withupdatedSiriisoneofsellingpointsandprosiniPhoneXUserswillbenefitfromiPhoneXenhancedstorageandmemorypossiblystartingwith64GBROMand3GBRAMtodomanymultitasks10nmA10XorA11processorforeasyandfastermultitaskexperienceWaterresistanceupto30minin5feetofwaterwithouterrorTakeadvantagesofiPhoneXApplePenciltocommunicatewiththescreenandsystemOneofthegreatestproswithiPhoneXisduallenscamerathatislikelyinaverticalorientationYoucangetattractedbyiPhoneXnewcolorcalledblushgoldiPhoneXadvantagesoverotherphoneswithitssupportofanimojisthatcanminicyourmovementsTheportraitlightinginiPhoneXisanotheradvantagewhichhelpstoapplydifferentlightingeffectstofacialcontoursConsUnlikableDisadvantagesOneofthebiggestiPhoneXweaknessesisitsfullglassdisplayisfragileandpronetobreakNoirisscanneravailableiniPhoneXisdisadvantagesoverSamsungGalaxyS8orS8PlusAnnoyingiOS11bugsampproblemsareboundtoafewweaknessesforiPhoneXiPhoneXmightbethickerandheavierthanitspredecessoriPhone7NoheadphonejackisdoomedasoneofiPhoneXconsWirelesschargingworksataround15feetorlessdistanceNobreakthroughonbatterylifeissueBatterydrainissueisstilliPhoneXsmaindefectiPhoneXsitesinbadsituationforitshighpricetagLimitedoptionincolorsblacksilverandblushgoldWeirdanduglyverticaldesignforduallenscameraComparedwithiPhone7PlusiPhoneXsduallenscameramakesnobigdifferencefromiPhone7exceptforthelocatingorientationThelackofUSBCisiPhoneXdemeritiPhoneXgoestoblackscreensometimesamajordisadvantagesiniPhoneXandpreviousmodelsiPhoneXreplacesTouchIDwithFaceIDwhichisoneofiPhoneXconsassomeusersmaygetusedtounlockingphoneswithfingerprintsItsdisappointingtoseeiPhoneXlackssplittaskinganotherfeatureiPhoneXdisadvantagesoverAndroid5ReasonstoBuyiPhoneXCollectorseditionOLEDscreenFaceIDAnimojisPortraitmodewithnewlightingeffects5ReasonsNottoBuyiPhoneXExpensivePriceRunsonthesameA11processorasiPhone8andiPhone8PlusNewinterfacewhichisconfusingbecauseofeliminatingtraditionaliphonehomebuttonManyfeaturessameasiPhone8andiPhone8PlusAccidentallyifyourphonedropsandifthatshattersyourbackglassthenyouhavetopayhalfofwhatyouspentonbuyingthisphonetoreplaceyourbackglassWhytoBuyandWhynottoBuyYesifyouareupgradingfromaniPhoneversionthatismorethan18monthsolddontreallyneedalargephoneinyourhandandcanactuallyaffordthepricetagThisisclearlythebestAppleiPhoneavailableatthemomentItisalsothemostinnovativeApplehasbeeninawhileandIwouldbuythephonejustfortheconvenienceoftheFaceIDHoweverthisisaphoneyouwillhavetocareforeverysecondofthedayanddontwanttodropduetocarelessnessiPhoneXisanoverdueandwinningevolutionoftheiPhonebutyoullneedtoleaveyourcomfortzonetomakeajumpintothefacerecognizingfutureIfyouhaveanyDoubtregardingthisRevieworthisProductthenFeelFreetoContactmeorCommentBelowThankYousomuchforReadingthisReviewIHopethisReviewHelpedyouRegardsKeerthiKanth
FiveStars,50outof5stars,itsgoodandoriginalproduct
Fivestar,50outof5stars,IfyouarefondoflisteningtomusicandseeingvideosonyoutubesoundsofiphonexisincomparablemuchbetterthanDolbystereospeakersons9orbyheadfonesThoughappledontsupplyafastchargeranditdoesnthavealwaysondisplayorledlightsIloveappleforeaseofuseandsoundquality
Lookslikeausedpiece,10outof5stars,LoadsofscratchesonthephoneWetookittocromatocheckandhesaidthephonecannotgetsomanyscratchesLookslikeausedpiecerepacked
IcompareditwithSamsungGalaxyNote8andGooglePixel2onalmostallaccountsIfoundiPhoneXdefinitelymoresuperiorMyassessmentafterusingitfor2weeks,50outof5stars,TheflagshipphonefromAppleisundoubtedlyamarvelthoughthepricetagwasabigdeterrentformeBeforefinalizingIcompareditwithSamsungGalaxyNote8andGooglePixel2onalmostallaccountsIfoundiPhoneXdefinitelymoresuperiorMyassessmentafterusingitfor2weeksisasfollowsPros1TheFaceIDisafirstatechnologicalleapItworksmostofthetimeexceptwhentheroomiscompletelydark2SpeakersThiscaughtmyattentionimmediatelythespeakersonthebottomofthephonesimplyrock3ScreenIsalittleannoyinginitiallybutthenApplehadtoembedthefacialrecognitiontechnologysomewhereyoucanlivewithitespeciallyafteryounoticethebrightnessofthescreenalongwithcrystalcleardisplay4BatteryFairlydecenteasilylastsadaywithheavyusageofcheckingmailssurfingthenetandvideostreaming5CameraTheimagesareveryimpressivethoughApplestillhasmassivecompetitionfromSamsunghere5LooksWhilethereisnothingextraordinaryitdoeshaveapremiumfeellookandisheavyascomparedtotheearlieriPhoneAbackcoverruinsthefeelofthephonebutthenitsavesfrompotentialdamageitjustincaseifslipsfromyourhandandfallsonahardroughsurfaceCons1ThepricebuttheneveryonesbuyingwithoutcomplainingsoonecantdomuchIfyoucanafforditcloseyoureyesandbuyitsimplyworthitAlsoforpeoplewhocanttoleratebloatwareandrestrictedappprivacysettingsinAndroidthisphonehasitall
SuperresponsiveNegativesSmallerthaniPhone7plus,50outof5stars,PositivesFlawlessqualityExceptionalbuildSuperresponsiveNegativesSmallerthaniPhone7plusSomefunctionalitiesarenewandmightneedsometimegettingusedto
GenuineproductbyApple,50outof5stars,iPhoneXstunningperformancelookinghandyandgorgeousdesign
theworstproducteverandtheproducthasworkedforjust,10outof5stars,theworstproducteverandtheproducthasworkedforjustfifteendaysproperlyandishavingchargingissuesandhasnochargingissuestheworstproducteveranddonotbuyitthecostismuchhigherandaskforthewifeofthesellerwhohassoldthisproductforthecostof79999
ThreeStars,30outof5stars,notagreatproduct
Froma6StoanXAwonderfulluxuryphone,50outof5stars,IreceivedmyXonlaunchdayandIabsolutelylovethisphoneIfyouwouldlikealistofjustmythoughtsonthephonescrolldownpasstheintroductionThetransitionNOhomebuttonThestapleoftheiPhoneisgonewellmovedtoalittlenotchatthetopIwasexpectingthistransitiontoahomebuttonlessiPhonetobedifficultbutallofthegesturesfeelsonaturalIfindmyselfannoyedtryingtoutilizedanolderiPhoneastheinterfacenowfeelsclunkySwitchingthroughappsopeningthephoneaccessingeverythingitsallsoeasyNowthisisnttosaythereisntatransitionandwhileeverythingfeelsnaturalthereisaperiodoftimewhereyouhavetogetusedtothenewinterfaceandsomeaspectsthatinitiallyseemeddifficultbecomesecondnatureForexamplereachabilitywasafavoritefeatureofmineandwhileitwasinitiallyhardtoactivateIhavenowlearnedhowtoactivateitwithoutanissuereachabilitybringstheiPhonescreendownhalfwaytoreachtoppartsofthescreenwithoutmovingyourhandFaceIDIwasskepticaltosaytheleastbutFaceIDworksalmostperfectItdoeshoweverlearnfromitsmisstepsandifitfailstoidentifyyouitwilladdthatdatatoitscacheIpersonallyscannedmyfacenormallythefirsttimeandonthesecondscandiditatroughlya45degreeanglesoIcouldleanovermyphonetoviewnotificationsAsIveadjustedtoFaceIDithasgottenfasterandfasteratscanningmyfaceanditsnotsomethingyouneedtowaitontoopenyourphoneBythetimeyouswipeuponyourphoneitsunlockedandreadytogoIseriouslyforgetIhaveapasswordIalsoreallyenjoytheabilitytoutilizeFaceIDformypasswordforotherloginsandtheabilitytoopenupanappdirectlyfromthelockscreenwithouthavingtothenentermyfingerprintpasscodeItsimportanttonoteherethatyourprivacyiswellyoursNoonehasaccesstothedataFaceIDgathersanditistrulyyoursApplehasagoodtrackrecordonkeepingyourdataprivateastheyarenotinthedatabusinesshelloGoogleampFacebookThepriceThereseemstobethisrunningideathataRs89000phoneisacrazypurchasebutIwouldhavetodisagreeWhyMylogicisasfollowedPhonesareoneofthemostuseddeviceseasilyminesoforstartersIwouldlikeaniceoneIfIdidntbuythedeviceinfullIwouldhavebeenpayingroughlyRs10000amonthonEMIfor9monthsThebasemodelisa64GBiPhoneloadedwiththebestApplehastoofferA128GB6SatlaunchwasRs70000YestheresapricedifferencebutmypointisthatitsnotasgiganticasitmayseemIpersonallywouldadvocatea64GBversionandbeutilizingcloudstorageifyouneedmorespacebutdonotethisisApplesflagshipandtherearecheaperiPhonesoutthereWhatIloveThescreenlooksamazingThecolorsarevibranttheblacksaredeepwithblackwallpapersflowingaimlesslyintothephonetothepointyoucannotseethenotchinthescreenifthewallpaperisblackTheNotchYesthenotchSomepeopleseemtohateitIthinkitsiconicandmakestheiPhoneXstandaloneinoledsphereItfadesintotheuserexperienceandIhavenothadanyissueswithitThescreensizeIhavealwayswantedaplusbutIalwaysfeltlikeitwastoobigformyhandsThatIwoulddropthephoneandthereitgoesTheXremediesthisformeandIgettousealargerscreeninnearlythesameformfactorasmy6SThescreentrulylooksamazingandifyouhaventseenonecheckoneoutatalocalstoreImnotsurehowmuchofthisisjustbecausemy6SwasafewyearsoldbutthetapticengineintheXisamazingAsinwhenthephonevibratesIcaneasilyidentifywhatitisthroughthevibrationandthevibrationitselffeelssmoothForcetouchisalsofantasticandthehapticfeedbackoneverythingfromalikeontwittertomovingappsaroundiswonderfulMakesthescreenfeelmorethreedimensionalinawayThecameratakeswonderfulpicturesIhavetakenafewpicturesinportraitmodeandsomepicturesgenuinelylookliketheyweretakenwithaDSLRcameraThespeakersarelouderthanIexpectedandsoundveryclearGreatforimpromptumusiclisteningThephoneisalittleheavybutitisdefinitelycomfortabletoholdItfeelslikealuxurydeviceandhasacertainweighttoitWhatIdontHonestlyIdonothaveagenuinecomplaintatthispointTheonlycomplaintthatcomestomindrevolvesaroundthelackofoptimizationIhavefacedinsomeappsbutthatisadeveloperproblemandeventhendevelopershaveoptimizedamajorityoftheirappsandmyissueshavebeenfewandfarbetween
hisphonesinceyearsandithasbeenverysuperbaby1bestphoneintheworldevena,50outof5stars,Ihavebeenusinghisphonesinceyearsandithasbeenverysuperbaby1bestphoneintheworldevenapoorcanaffordit
Isawitatmyfriendshandandifallinlovewithitonfirstsight,50outof5stars,AppleiPhoneXIhaventbuyitevenicannotafforditButitisalwaysmydreamphoneIsawitatmyfriendshandandifallinlovewithitonfirstsightThenameIphoneisenoughasitisthemostprestigiousbrandallovertheworldButitsexpensiveformeDefinitelyIllbuyitwhenigetajobaftermygraduationwithfewmonthsofsavingsonedayitllbeminetooThebestphoneintheworldThenidonotneedtostareitonsomeoneshandsappleampiphoneReviewitisthebestReviewerSomshrivastavafromJabalpurmadhyapradesh
FiveStars,50outof5stars,Goodmobileforyounggeneration
7orearlieriPhoneyouwilljustloveitFaceIDworksmosttimesonlyyou,50outof5stars,WellitsdifficulttoreviewthisIPhoneFirstlyitsdependswhichyourpreviousphonewassayyouhadthe7plusoranyplusiPhonethefirstthingwhichwillhityouhardisthescreenitssmallerandifyoucomefrom67orearlieriPhoneyouwilljustloveitFaceIDworksmosttimesonlyyouneedtogetadjustedthedistancefromhandtofacemustbeabitcloseTherearesosmallbitswhichyouwilllovelikewhenyougetanotificationSMSorwhatsappmessageitwillnotshowyouthecontentonlywhenulookatityoucanseethecontentNowyoucanwakeupthephonewithjustatouchBatterylifelastswholedayformeScreenisamazingwishitwasbiggerTopoweroffyourphoneyouneedtoholdvolumeandthepowerkeyYouwillnotmisstheTouchIDafterfewdaysofusetheswipeupworkslikeacharmNowtocloseappsyouneedtoswipeupandpressandholdanyappandthencloseSirialsohasimprovednowheySiriworkswhilechargingFinallydontgobymanyfakereviewspostedIcantunderstandwhyamazonallowspostingofsuchreviewswhichhavebeenpostedonlyforfunifyoucanafforditgoforitAsappsarebeingupdatedfortheXitsgettingbetter
OneStar,10outof5stars,Theearpodsaremissingfromthebox
ArevolutionarygadgetIsimplylikeit,50outof5stars,Updateon27Dec2017Thisismy6thweekusingiPhoneX64GBIboughtspacegreycolourwhichIfeltmuchmoreelegantthantheSilverThisismyupgradationfromiPhone6stoXBelowsharingmyexperienceThefirstattractionwasbezellessphoneThescreensizeis58inchwhichisbiggerthaniPhone8plus57HoweverthephysicaldimensionofthephoneisslightlybiggerthanmyiPhone6sThesecondattractionwasFaceIDIwaslittlebithesitantinthebeginningaftergoingthroughsomanyonlinereviewsButIwouldsaythisisoneofthetechnomarvellousthingdonebyAppleSomeofthekeyhighlightsoftheFaceIDTheringvolumediminishesimmediatelyafteritdetectsyourfacewiththemomentyoulookintothephoneTheactionisimmediateYoucansetupmorerobustwaytodetectyourFaceIDunderthesettingsofFaceIDampPassCodemenuItworksinlowlightnotanissueatallAlthoughithangsrarelyasthesamewaylegacyiPhonehomebuttonInthatcaseneedtousepasscodeMissingofHomebuttonThereshouldnotbeanyworryforthisItismoreconvenientwithoutthissimplytapingonthescreenmakesscreenlitandthenneednothoveringaroundforcorrectlypressingofthehomebuttonThecameraisjustextraordinarythelowlightperformanceandtruecolourcaptureissupremeexperienceIhaveattachedtwophotosonephototakeninthenightinhighwayOtherisdaylightphotoBotharenotprocessedVideoItisreportedinotherreviewsthatthisiPhoneserieshasonlythecapabilityoftaking60fpsat4KcolourwhichstandsthemostcapablephonecameraforvideoSinglehandedoperationItisstillpossibleeasilyPleasedoasearchinthenetforhowtodothisPriceIdontdenythefactthat89Krupeesfor64GBislittlepricyitshouldhaveloaded128GBatleastHoweverIpurchasedthisascomboofferwithwatchseries3throughoneoftheleadingcreditcardofferSopleasewatchoutforsomegooddealifyoureallybotherwiththepriceBatterylifeIfoundlongerbatterylifethantheiPhone6sbesidesbiggerscreensizeIamhighuserofthephonewithalwaysdataandBluetoothonbecauseusingwatchaswellItlastalmostfulldaySpeedItrespondsveryfastnotanissueatallWirelesschargingIamyettocheckthisproperlyItriedinmy1AQichargeritdoesntworkyouneed2AratingQichargerSpeakerQualityItisveryloudandcrispCONSIfindonlyoneissueasofnowiechargingtimeChargingtimeIttakesaround2hourstochargefullyfrom10levelto100MyfinalverdictIfyouarelookingforbezelfreephonewithdecentbatterylifeandsuperiorcamerajustgoforthisphone
OneStar,10outof5stars,fakeiphone
Worthit,50outof5stars,TobuythisphoneIhadtosellmykidneysbothofthemandbecameanindenturedlabourerThetoxinsfloodingmybloodwillkillmesoonbutheymynewmasteriskindandtheselastfewdayshavebeenjustswellthankstomybrandnewiPhoneReallythoughnicephoneNocomplaints
FiveStars,50outof5stars,IreallywantedtogetasampleofiPhonextomakeareviewonmychannel
iPhoneX,50outof5stars,Thisisvery1473centimeters58inchcapacitivetouchscreenwith2436x1125pixelsresolutioniOSv1111operatingsystemwith13GHzAppleA11Bionichexacoreprocessor3GBRAM64GBinternalmemoryandsingleSIM2716mAHlithiumionbattery1yearmanufacturerwarrantyfordeviceand6monthsmanufacturerwarrantyforinboxaccessoriesincludingbatteriesfromthedateofpurchaseProductinformationSpaceGrey64GBOSiOSRAM3GBProductDimensions144x08x71cmItemmodelnumberiPhoneXWirelesscommunicationtechnologiesBluetoothWiFiHotspotConnectivitytechnologiesGSM3G4GLTESpecialfeaturesSingleSIMOthercamerafeatures7MPFormfactorTouchscreenPhoneWeight172GramsColourSpaceGreyBatteryPowerRating2716PhoneTalkTime21HoursWhatsintheboxHandsetChargerEarPodsLightningtoUSBCableandDocumentationSoitisveryusefulforhelpfulvote
FiveStars,50outof5stars,ReallyitsaverygoodproductFastdeliveredbyamazon
FiveStars,50outof5stars,BestdeviceNolagging
FiveStars,50outof5stars,Genuineproduct
FiveStars,50outof5stars,Goodproduct
ThebesteveriPhone,50outof5stars,ThebestestiPhoneeverYouwillbeinlovewiththisphoneampdontfeelliketokeepitasideSmoothperformanceasalwaysbyAppleproductandeyecatchingstyleandlooksTotallyworththemoneyspent
Notsatisfiedwiththis,10outof5stars,AsshownontheWebsiteandontheboxoftheIphonethedisplayoftherealproductisnotfromedgetoedgeNotsatisfiedwiththisdisplaydeliveredaduplicateproduct
FiveStars,50outof5stars,Amazing
Suvker,30outof5stars,ThephonexwastheworstphoneIeverreceivedManitemojifeatureisalreadyavailableiniPhone4sappstoreThisphonewasbeatedbyoneplusfivetButastheiradvertisementsaysifudonthaveaniPhoneudonthaveaniPhone
FiveStars,50outof5stars,Good
FiveStars,50outof5stars,siraaaa
deliverybyamazonandasalwaysappleisthebestnoonecandefendapple,50outof5stars,Fastdeliverybyamazonandasalwaysappleisthebestnoonecandefendapple
BestofwhatApplehastooffertoday,50outof5stars,ItsabeautifulandamazinglyfastphonewithclassleadingcameraandbreathtakingscreenfullyloadedwithcuttingedgetechegARIRenabledfacelockwhichisquickandsecureAnddontforgetthebackupofbestappstoreItwillremainupdatedaswellwithlatestofsoftwarefortimestocomeunlikeSamsungLGandChinesebrandsMyonlygripeisthatduetheuseofglassitsbuiltwhichissolidotherwiseisbrittleItsashametokeepsuchabeautifulphoneundercoverFurtherIpreferGoogleAssistantoverSiriMypersonalexperiencewithAppleserviceinthepasthasbeenadelightoppositetothefolklores
Sellyourkidneybecauseitsworthit,50outof5stars,Soldmykidneytobuythisproduct
FiveStars,50outof5stars,ThisIsTheBestPhoneButitsheavyandbig
FiveStars,50outof5stars,Awesomeproduct
Goodphone,50outof5stars,ReadreviewfromverifiedpurchasesonlyJustbecauseyoucantafforditdoesntmeanitsnotagoodphone
iPhoneX,50outof5stars,Itsaveryniceproductandthecameraisjustamazing
FiveStars,50outof5stars,Thebestucanget
Greatproduct,50outof5stars,Thephoneistoogoodloveit
Badbattery,20outof5stars,PerformanceandlooksareultimatebuttheBadbatteryandnofingerprintsucksatthispricerange
applewillbeapple,50outof5stars,nowordstosayitisawesome
Bestphoneever,50outof5stars,Lovethisphone
FiveStars,50outof5stars,Excellentbutexpensive
Notworthit,10outof5stars,NotworthitVeryexpensiveproductIsuggestyoutogofortheSamsungGalaxys9plusorifurapplefanthangoforiPhone8plus
FiveStars,50outof5stars,AwesomePhoneIuseitdailyinmydreams
Badservice,10outof5stars,Reallyabadexperience
FiveStars,50outof5stars,HumebhikoigiftkrdoAppleiPhoneX
Justthesameawesomelikebefore,50outof5stars,1lakhmebhikoikharabihogitokyamatlab
NicephoneBetterthanmyiPhone,50outof5stars,NicephoneBetterthanmyiPhone8
FiveStars,50outof5stars,Good
FiveStars,50outof5stars,Awesomephone
Pasawasul,50outof5stars,IsoldmycartobuythisphonenowwhenIhavetogotoofficeIhavetocatchanautobutwhenIusethisphoneinautoitfeelsreallygoodtotallyworthsellingmycar
1HONESTUnbiasedREVIEWofiphoneXFullReview,40outof5stars,KindlyreadthefullReviewifyouareplanningtobuyiphoneXIfyouwanttogetquickoverviewofthedevicethenreadbelowelsescrolldownforDetailedReviewPROSImpeccablebuildqualityFaceIDgenerallyworkswellGreatperformanceGoodmaincamerasgetevenbetterCONSThelackofahomebuttontakessomegettingusedtoNotallappsusethewholescreenPortraitselfiesarehitormissBatterylifecouldbebetterKEYFEATURESReviewPrice8900058inchOLEDHDRdisplayA11BionicCPU64GBor128GBstorageFaceIDDual12megapixelscamerawithOISIP67AnimojiPRICEStartsat89000forthe64GBmodeland102000forthe256GBversionFULLDETAILEDREVIEWDESIGNStainlesssteelsidesdurableNoHomebuttonFeelreallygoodtoholdFaceIDsuperfastTopnotchinfraredcamerafloodilluminatordotprojector58inchOLEDdisplaySCREENOLEDpanelmanufacturedbySamsunglolBettercontrastperfectblacksandamorecolourfulpictureTrueTonedisplay3DTouch2436x1125pixelresolutionP3colourgamutDolbyVisionHDRSoftwareperformanceandbatterylifeiPhoneXexclusivefeaturesisAnimojiBatterylasttwohourslongerthantheiPhone7CAMERAOnthebacktherearetwocameras12megapixeleachOpticalimagestablisationTelephotocameraf24apertureBetterinlowlightPortraiteffectstogiveselfiesaprofessionallookBOTSVERDICTBOTOVERALLSCORE475AttheendofthedayhereswhatyouvegottorememberthisisntjustanexpensiveambitiousoffshootoftheclassiciPhonelineageItsthefutureoftheiPhoneitselfAndtobeclearAppledidntgetabsolutelyeverythingrightThenotchisweirdTheinterfaceneedsalittlemorepolishGuysMyonlyrequestispleasedontdislikemyreviewIfyouhaveanyquestionorifyouthinkIamwrongJustaskmebycommentingbelowWritereviewshelpothershappyshoppingThankYouforreadingthisreviewBhaveshBOT
Averagephoneatthatprice,30outof5stars,BettertoBuyoneplus5tforextremeperformanceApplesellscheapstuffatthehighpriceOnly3gbramAppsnotificationsarenotcalibrateditcutsoffbythefrontcameracutoutNeedsfrontCameraImprovementsinLowlightAirpodsshouldhavebeencomplimentaryPersonalIssueFaceIDshoulddirectlyunlockthephoneitshouldnotstaytheswipeupscreenFaceunlockcouldhavebeenfasterasihaveoneplus5talsoanditunlocksthricefasterthaniPhoneXPoorBatteryBackup2716mAhonly
KingofAlliPhone,50outof5stars,IhaveusedalmostalliPhonesbutitisKingofallithasallnewfeatureslikeFaceIDzAnimojiItrulyrecommendititisbestiPhoneMustBuyIknowpicturequalityisnotgoodbecauseIhaveXiaomiMIMixearlier
Notthatgreat,30outof5stars,Notworth1lakhmys8ismuchmorebetterthaniphonex
OneStar,10outof5stars,HowtochecktheslowMoshencamera
Goforitifyouwanttogetproposedbyyourcrush,50outof5stars,ThisphoneisjustamazinginfactitsnotaphoneitisamagicalwandthatwillmakeyouthecrushofyourcrushYouwillstartgettingproposalsfromgirlswithinaweekofbuyingthisamazingphoneSoifarenotpopularamonggirlsyouarenotrespectedbyyourfriendsandfriendzonedbyyourcrushthenselloffyourlaptopphoneandeverythingelseandjustbuythisphoneAndifgirlsdonotacceptyourfriendrequestonFacebookjusttakeamirrorselfiewiththisphoneandyouwillbeamazedtoseethemagicaleffectofthisamazinggadget
Itsanawesomephoneignorethenegativereviewsaspeoplearegiving,50outof5stars,Itsanawesomephoneignorethenegativereviewsaspeoplearegivingifuwantjustgoforitwithoutanysecondthoughtinmind
Getit4u,10outof5stars,DoesitreallyworththepricewhatAppleisdemanding
WowiPhone,50outof5stars,iPhoneXiswow
OneStar,10outof5stars,Waytoooverpriced
BestiPhonetilldatebyApple,50outof5stars,BestiPhoneeverbyApplethefeelofthephoneissogoodthatucantgetoverit
FiveStars,50outof5stars,amazinggadget
Fabulousbuiltquality,50outof5stars,IsoldmykidneyforthisphoneWheniwenttopurchasethisphonetheniwastoldthatihaveRs20000lessasigot69000forthekidneyNowImbeggingaroundthestreettocollectremainingamountIhopetocollectthisamountwithin23months
FiveStars,50outof5stars,Good
Iphonex,20outof5stars,Imnotlikethisphonebczitntlookinglikeiphonesoipurchasethismobileandbuywithin1month
FiveStars,50outof5stars,definatelythebest
OneStar,10outof5stars,Phoneok
AppleshoppersfaceatoughchoicebetweenthisphoneandtheiPhone8,50outof5stars,TheiPhoneXisaninnovativedevicewithafantasticcameraandbeautifuldisplaybutotherphonesaretougherandcanoperatelongeronachargeThoseareamongtheconclusionswevereachedaftercompletingtestingonApplesnewflagshipmodelwhichstartsat1000forthe64gigabyteversionOveralltheiPhoneXasin10nottheletterthatfollowsWeasilymadeConsumerReportsrecommendedlistandbrokeintotheextremelytightlistoftop10ratedphoneswhereallthedevicesareseparatedbyonlytwopointsonour100pointscaleItwasedgedoutbyAppleslessexpensiveiPhone8startingat700and8Plusstartingat800whichbothprovedhardierinatestdesignedtoreproducethedropsandfumblesthatcancausecrackedscreensandotherdamageIfnotforthedamageinthatdurabilitytesttheiPhoneXwouldhavecomeinaheadoftheiPhone8and8PlussaysRichardFiscoheadofsmartphonetestingatCRGivenhowclosethescoresofallthephonesinourtop10areitsnotreallyaquestionofwhichphoneisbestbutwhichisthebestfitforyouIfyourechoosingamongthenewcropofiPhonesoneofthemostobviousdifferencesisthelackofaHomebuttonontheiPhoneXandtheadventofFaceIDforunlockingthephonemoreonthatbelowAdditionallytheiPhoneXhasthebiggestscreenofthethree58inchesmeasureddiagonallycomparedwith55inchesfortheiPhone8Plusand47inchesforthe8ButthatexpansivedisplaycomesinatightpackageTheiPhoneXisjustasmidgetallerthantheiPhone8at56inchesandmorethanahalfinchshorterthantheiPhone8PlusHeresacloserlookatourtestresultsandhowtheiPhoneXcompareswithothertopratedphonesonthemarketTheiPhoneXsStrengthsBeautifulDisplayTheiPhoneXfeaturesApplesfirstOLEDphonescreenThetechnologyalreadyusedbysmartphonemanufacturerssuchasLGandSamsungandfoundinsomehighendTVscanproduceverydeepblacktonesandunlimitedviewinganglesThatmeanstheimagedoesntnoticeablydegradewhenyouviewthescreenfromthesideOurtestersgavethephonesdisplayexcellentmarkspointingtoitsoverallbrightnessandvibrantcolorsalongwiththedeepblacklevelsWethinkthatAppleshopperswhoputtheiPhoneXsidebysidewiththeiPhone8and8PluswillnoticeasignificantdifferencealthoughthesephoneshaveverygoodscreensaswellOutstandingCamerasTherearcameraontheiPhoneXisamongthebestweveeverseenInfactifyoucombinetheperformancescoresforstillsandvideothisisthehighestratedsmartphonecameraConsumerReportshastestedLikethe7Plusand8PlustheiPhoneXhasasecond2XzoomcameraonthebackofthephoneButunlikethoseotheriPhonesbothoftheiPhoneXsbacksidecamerashaveopticalimagestabilizationwhichsteadiesthelensestooffsettheeffectsofshakyhandsThe7Plusand8PlushavethatfeatureononlyonecameralensThissetupproducedimpressiveresultswhentesterscomparedphotosusingthezoomtothoseshotusingthezoomlensesofearlieriPhonePlusmodelsStillstakenwiththeiPhoneXweresharpwithexcellentcolorreproductionandvideowasverysharpaswellConvenientFaceIDMuchhasbeenmadeofApplesdecisiontodoawaywiththeHomebuttonontheiPhoneXThatopenedupscreenrealestatebutwhentheHomebuttondisappearedtheembeddedfingerprintsensorwentwithitandApplenowreliesuponanewbiometricfeatureforauthenticatingusersCalledFaceIDthetechnologymapsyourfeaturesandletsyouunlockthephonesimplybytakingalookatthescreenYoucanalsotypeinaPINWefoundthesetupandunlockingprocesstobebothquickandeasyThetechnologyworkedwhenweheldthephoneatallbutthemostsevereanglesanddidnotfalterwhenusedbytesterswithawiderangeofskintonesevenwhentheyputonreadingglassesYouneedtolookdirectlyatthescreentopromptittounlockmakingitlesslikelythatyoullunlockthedeviceinadvertentlyTheremovaloftheHomebuttonrequiresyoutolearnaseriesofnewswipeandbuttoncommandstooperatethephoneThistakesalittlegettingusedtoButourtesterspickeduponthenewgesturesquicklyandweresatisfiedwiththephonesoverallusabilityTheiPhoneXsShortcomingsBrokenGlassInourinitialdroptesttheiPhoneXperformedjustfineItsurvivedfourfallsontoaconcretesurfacefromaheightof5feetForthatquicktestweusedourcustomdesignedDropTowerandletthephonefallonitsfrontbackandtwodifferentcornersHoweveriPhoneXphonesdidntfarenearlyaswellwhensubjectedtoamoreintensivelabtestinatumblingmachineThetumblerisarotatingchamberthatrepeatedlydropsaphonefromaheightofabout25feetThephonesarecheckedfordamageafter50dropsandthenagainafter100ThegoalofallthatrepetitionistoexposethephonetoimpactsfromawidevarietyofanglesWetumbledthreesamplesoftheiPhoneXThefirstwasfineafter50dropsbuttheglassonthebackwassignificantlycrackedafter100Theothertwophonesendedupwithmalfunctioningdisplaysafter50dropsThoughthefrontglassdidntcrackseveralbrightgreenbarsstretchedacrossthescreensfromtoptobottomTheiPhoneXisntthefirstphonetofailourtumbletestForexampleourtestersalsoreportedbrokendisplaysandbackpanelswhentheytumbledSamsungsnearlyallglassGalaxyS8andS8phonesInlightofthoseresultswerecommendthatyouprotectanyofthesephonesinacaseRespondingtoourfindingsAppleaffirmedtheiPhoneXsdurabilitybasedonthecompanysrigorousrealworldtestingandsaidthatthephoneismadefromthemostdurableglasseverinasmartphoneDurabilityissomethingtothinkaboutifyoureconsideringapurchaseoftheiPhoneXThephoneisntjustexpensivetobuyitsalsounusuallypriceytorepairForexampletheAppleStorewillchargeyou279tofixthedisplayand549tofixanyotherpartofthephoneincludingitsglassbackThiscouldmakeitworthwhileforsomeconsumerstoshelloutforAppleCarecoveragewhichcosts199TumbletestsdontgetalotofweightwhenwecalculateaphonesOverallScoreHowevertheseresultscombinedwiththeiPhoneXscomparativelylowbatterylifeshowingseebelowdidknockthephonedownafewspotsinourrankingssaysFiscowholeadsCRsphonetestingprogramOntheflipsidetheiPhoneXacedourwaterresistancetestingsurvivingfor30minutesatadepthofabout3feetjustasApplepromisesinitsspecsThephonewasexaminedrightafterwardaswellasonetwoandthreedayslaterandcontinuedtoworkThisisconsistentwiththeresultsforotherrecentApplephonesincludingthe7and8seriesiPhoneswhichalsodidwellinourwaterimmersiontestsShortBatteryLifeTheiPhoneXsbatterylifehurtthephonesOverallScoreinConsumerReportstestingTofindoutexactlyhowlongaphonesbatterycangoConsumerReportsusesaroboticfingerprogrammedtoputthephonethrougharangeoftasksdesignedtosimulateaconsumersaveragedayTherobotbrowsestheinternettakespicturesusesGPSnavigationandofcoursemakesphonecallsWerunallsmartphonebatterytestswiththedisplaysetto100percentbrightnessIfyouuseanyphonesautooradaptivebrightnessthebatteryshouldlastlongerInourtestingtheiPhoneXsbatterylasted195hoursThatsjustaheadofthe19hoursloggedbytheiPhone8andtheconsiderablysmalleriPhoneSEbutbelowthe21hoursrecordedbythe8Plusanditsfarlessthanthe26hoursthatSamsungsS8andS8deliveredSomeothersmartphonesinourratingsrunevenlongeronachargeWhileformanypeople195hoursisenoughtogetthemthroughthedayitsstillshorterthanthemajorityofthe38smartphoneswerecommendAccordingtoAppletheiPhoneXsA11BionicchipisdesignedtomanagethedevicespowersupplyintelligentlybalancingthedemandsforspeedandenergyinawaythatpermitsyoutocompletethetasksyouperformmostoftenthinktextingorwebbrowsingwithoptimalefficiencyWhenyoucombinethatwiththemodelscustombatterydesignthecompanysaystheiPhoneXshouldlastupto2hourslongerbetweenchargesthantheiPhone7InourteststheiPhone7sbatterylasted185hoursWhichiPhonetoBuyIfyourelookingforanewiPhoneistheXworththe1000andupthatAppleischargingThatdependsonyourpreferencesAlotofpeoplewouldarguethattheiPhoneXrepresentsthefutureofsmartphonesItboaststhebestoverallcameraresultsinCRstestingandoneofthebestdisplaysweveeverseenonaphoneAndwhileyoudontgetthefamiliarHomebuttonyoupickupadecentamountofscreenspaceinaphonethatssignificantlysmallerthanthe7Plusand8PlusItseasiertoholdandusenottomentionlightertocarryAndFaceIDworksveryeffectivelyThephoneseemstounlockassoonasyoupickitupandeventhinkaboutmakingacallItsgesturesystemtakessomegettingusedtobutitsnotoverlycumbersomeordifficulttouseTakenasacompletepackagethisphonerankedabitlowerthanSamsungsS8S8andNote8mainlybecauseoftheirsuperiorbatterylifeButmanylongtimeiPhoneusersarentinterestedinswitchingtoAndroidsotherealquestionforthemiswhethertosaveafewbucksoractuallyacouplehundredandgowithaniPhone8or8PlusinsteadTheseiPhonesaremoreresistanttobreakingandtheyhavethefamiliarHomebuttonwhichmeansyoudonthavetospendtimelearninganewsystemofswipesandbuttonclicksBecauseallthesephonesaretopperformersthechoiceisultimatelyamatterofpersonalprioritiesHeresanotherideaIfyouwanttosaveevenmoremoneytheiPhone7and7PlusremainviableoptionsTheylookprettymuchthesameasthe8and8PlusandoffermanyofthesamefeaturesAndtheyllcostyoujust550and670respectivelyIfyourestillonthefencethisisoneofthosetimeswhereitpaystotrybeforeyoubuyPlaywithallofthesephonesinthestorepayingattentiontohowmuchthegorgeousiPhoneXdisplaymeanstoyouandhowyoufeelaboutlearningnewgesturesandthenconsideringhowoftenyouvedroppedpreviousgadgetsonthesidewalk
Overpricedoverhypedphone,20outof5stars,DonotbuythisphoneItsanextremelyoverhypedampoverpricedphoneGoingwiththeapplehypeIpreorderedthisphoneelsewhereuseditfor2weeksextensivelyampsolditb4itstoolatetotakeafreshbreathofairKeypointsasbelowVeryfragilebackbackglassshattersevenfrom5feetdropandthenitcostsaboveRs35000FaceidisnotconvenientatallItsnotsecureaswellasperlatestdataIffrontglassbreaksitmakesthefaceidunusableAndthenpayabombtoreplacethefrontpaneliOSisnotoptimisedforthisiPhoneXyetresultinginbuggysluggishperformancesbetterwaitfornextgeniPhoneXin2018USpriceisaround67000INRincludingtaxandIndianpriceisRs89000forthe64gbmodelandsimilarpricedifferenceforthe256gbmodelaswellNotchkillstheshowwhiledoinganythingonthescreenStainlesssteelrimisgimmickyandishighlypronetoscratchesevenafterprotectivecaseswornCracklingsoundsthatcanbeheardwhenusingtheiPhoneXspeakerphoneathighvolumesIfyouareadiehardfanofAppleiPhonesthengettheiPhone8PlusyouwilllessregretDonotallowAppletomakefooloutofIndianconsumersJustbecauseIamnotaverifiedbuyerhereamazondoesnotstopmefromspeakingandwritingtruthUpdate23012018ThoughthehypeworkedforAppleinitiallyduetothephoneitselfbeinginferiorthesalesofiPhoneXhasdeclinedallovertheworldrecentlyAlsoaspermanyreliablesourcesCNETMASHABLEBGRetcjustGoogleitoutApplewillbediscontinuingtheproductionofthisfirstgeniPhoneXin2018itselftokeepitsbrandvalueoncethenextgencomesup
ForAndroidLovers,50outof5stars,YoulikethephoneBuyitdontletpeopletakeyourpersonaldecisionsIlovethisphoneandboughtitonNovember3rdThosewhodontlikethephoneohIshouldsaythosewhodontlikethepricetagnoworriesforyouguystherearelotofcompaniesareoutthereGoaheadandbuythosAndroidphonesThanks
Mustbuy,50outof5stars,AwesomepieceoftechnologyandremarkablyimprovedThisisnotforthosepeoplewhocribaboutmoneyandexpensive
FiveStars,50outof5stars,loveit
FiveStars,50outof5stars,Oneofthebestphonesoutthere
1HONESTUnbiasedREVIEWofSamsungGalaxyS9QuickReview,50outof5stars,KindlyreadthefullReviewifyouareplanningtobuyIfyouwanttogetquickoverviewofthedevicethenreadbelowelsescrolldownforDetailedReviewKEYFEATURES1473centimeters58inchcapacitivetouchscreenwith2436x1125pixelsresolutioniOSv1111operatingsystemwith13GHzAppleA11Bionichexacoreprocessor3GBRAM64GBinternalmemoryandsingleSIM2716mAHlithiumionbattery1yearmanufacturerwarrantyfordeviceand6monthsmanufacturerwarrantyforinboxaccessoriesincludingbatteriesfromthedateofpurchaseGuysMyonlyrequestispleasedontdislikemyreviewIfyouhaveanyquestionorifyouthinkIamwrongJustaskmebycommentingbelowWritereviewshelpothershappyshoppingThankYouforreadingthisreview
Donotbuyuntillyoureanisheep,10outof5stars,YouhavetodogymnasticstounlockthephonewhenitsontablethenthemostirritatingpartisitsatwostepunlockNofingerprintreadertheycouldhavegivenitintheapplelogobuttruthisbitterIdontknowaboutotherpeoplebutthenotchatthetopisnogoodNoheadphonejackforsureNoimprovementinthefrontcameraThereisahugecamerahumpalsoWorstflagshipof2017
Beautifuldevice,50outof5stars,ThatsthemostbeautifulphoneintheworldrightnowLoveeveryminuteofusingthis
TheiPhoneXsBackGlassIsFRAGILEandanExpensiveNIGHTMAREtoRepair,10outof5stars,BeitJigRigEverythingorTechRexEverydroptestacrossthewebhasreachedthesameconclusionApplesbestphoneisalsoitsmostfragileInIndiaitsrepaircostisaround45kandthatsahelllotofmoneyOneplus5TcostslessthanApplesiPhoneXbackglassreplacementiguessitssaysalotaboutwhichcompanycaresaboutitscustomer
sothatyoupleasedontbuyiPhoneXandwasteyour,50outof5stars,igave5starssothatyoupleasedontbuyiPhoneXandwasteyourmoney
FiveStars,50outof5stars,Super
Ihavethisphonebutithinkthisissimilar,40outof5stars,IhavethisphonebutithinkthisissimilartootherandroidphonebutthistimetheyhaveprovidedfingerprintscannerwhichmakeitdifferentfromotheriPhoneandtheirstickersandemojisaredifferentfromotherphones
FiveStars,50outof5stars,ItsoriginalandamazonfulfilledNoproblematall
IphoneXistotallydfrnt,50outof5stars,Iphonexistotallydfrntfaceidisbestoption
BestPhoneintheWorld,50outof5stars,LovethePhone
Greatproduct,50outof5stars,StunninglookWonderfuldisplayGoodbatterycoverage
Thebestphoneever,50outof5stars,IalwayswonderedwhypeoplebuyiPhonesThebestreplycameacoupleofyearsagostatingItsallabouttheexperienceAndhowtrueitisThisisthebestavailablephonerightnowandtheexperienceisawesomeThesmoothnessandtheoptimisationofeachappisamazingThebatterybackupisjustoutstandingAllsalesguysouttherejustgoforitifbatterybackupisoneofyourmainpriorities
FiveStars,50outof5stars,Tyamazon
ThebestfromApple,50outof5stars,MuchhasalreadybeensaidaboutthephonebutinmyopinionitmaysoundalittleexpensivebutwhenyougettousethephoneyoullstarttoadmiretheattentiontodetailswhichhasbeenputinduringdesigningandmanufaturingofthephoneThereisnootherphoneinthemarketwhichcanmatchitsbuildqualityIoshasitsowndisadvantagesbutwhencomparedtoandroidappleatleastprovidefullsoftwaresupporttoitscustomersfor4to5yearsunlikeandroidwhereonly11ofthephoneshaveoreoatthistimeSuchashame
GreatphoneIfyouowna7or7,50outof5stars,GreatphoneIfyouowna7or7itsnotabigjumpfeaturewisebutverycompactnhandfriendlyThankstoAmazonnAperioforgreatdeliverybuttherewasnoneedtoleavethepackwithsecurityasfamilywasathomeGiventhecostIwasabitworried
Thebestphonecurrentlyavailableinthemarket,50outof5stars,AppleiPhoneXSilver64GBAppleisalwaysknownfortheirbuildqualityandflawlesssoftwareandtheiPhoneXistheepitomeoftheirinnovationHavebeenusingitforthreeweeksnowandcansafelysaythatthisthebestphonecurrentlyavailableinthemarketwiththePixelXLadistantsecondProstheendtoendretinadisplayisabsolutelyamazingAppleTrueTonedisplayadjustsbetterthanAndroidphoneswithchangesinambientlightsoftwareiOS1125isveryuserfriendlyandintuitiveMyphonehasnteverlaggedorstutteredsofarprettygoodbatterybackupeasilylastingforanentiredayonnormalusageFaceIDisawholenewballgameandapplewinsithandsdownItisextremelyaccurateandeasytouseandunlocksyourphoneasfastasfingerprintandevenworksinthedarkItisalsosecureasitchecksifyouarelookingatthephonebeforeperformingaFaceIDactionThisisbyfarthebestfeatureIfeltoniPhoneXandisaclassapartfromandroidphonesthecameraisreallygoodindaylightandhasahostofnewfeatureswhichincludesportraitmodeConsIpersonallydontlikethenotchatthetopandmakesthedisplaylookalittleuglyFastchargerisnotprovidedintheboxThechargerprovidedtakesverylong1hr45mintochargethephoneEarphonesprovidedarenotofthebestqualityFrontcameraisprettyaverageanddoesnttakeexceptionalpicturesunderdimlightingconditionsThatsaidiPhoneXisoverpricedandisdefinitelynotvalueformoneyButifyouarewillingtoshelloffmoneytogetthebestphoneinthemarketthenthisiswhatyoushouldbuy
5stars,50outof5stars,Fantasticawesonegoforitifyouhavemoney
Lovedit,50outof5stars,MyfirstIOSdeviceLovedit
ExcellentArealpleasuretouse,50outof5stars,ExcellentArealpleasuretouseTotallyeffortless
FiveStars,50outof5stars,Liketheproduct
Mostexpensivemistake,10outof5stars,FaceIDnotworkingfromstartThisisthelastthingyouexpectafterbuyingthemostexpensivephoneavailableinthemarketApplesupportteamcluelessabouttheproblemandadvisedtotakeittoservicecentreNotacceptableAmazondoesntevenhasanoptiontoreturnreplacethephoneandtakesyoutoApplesupportwebsitepageHighlydissapointed
itwasagreatdecisionIloveeveryaspectofit,50outof5stars,IthoughtoveralotbeforebuyingconsideringthesteeppriceImovedfromandroidtoiOSwiththisphoneAndmanitwasagreatdecisionIloveeveryaspectofitItisoneoftheneatestandsmoothestphoneIveeverusedIfyouretryingtomakeadecisionandifyoucanafforditIdsayjustgoforitYouwontregret
TwoStarscosIgotadefectiveadaptor,20outof5stars,GotadefectiveadaptorTheadaptorthatcameinsidetheboxisntworkingThishasleftmewithdoubtsaboutthenewnessofthephonessoldhereAndifyourebuyingthesilvermodelgetthesiliconecasemadebyapplewhoseinsideislinedwithmicrofabricThestainlesssteelframegetsscratchesevenwhileinacaseunlessithasasoftliningontheinsideFromthefirstminuteofunboxingminewentintoacasecheaponebuttwodayslaterthestainlesssteelframehastinyscratchesallover
stoppedworkingin10daysafterIgotdelivery,10outof5stars,stoppedworkingin10daysafterIgotdelivery
FiveStars,50outof5stars,bestphonefrombestretailer
GreatphoneBututterlydissatisfiedwithitsbatterybackup,30outof5stars,GreatphoneBututterlydissatisfiedwithitsbatterybackupWanttounderstandwhycantaphoneworth84khaveabetterbatterybackupdashchargingWhydoeseverytechinvigilatorturnsablindeyetothiscriticalaspect
Disappointedwithamazon,10outof5stars,Gotthisphoneon17thAprilthedisplaywasactingfunnysincethefirstfewdaysWenttoapplestoretodayandtheyshowedmethattherewerescratchesontheinnersideofdisplayItsdiscomfortingforacustomertopaysomuchforadeviceandthenwastetimeingettingitrepaired
